,CVE ID,mapping_type,attack_id
0,CVE-2019-17558,primary_impact,T1499
0,CVE-2019-17558,primary_impact,T1632
0,CVE-2019-17558,primary_impact,T1005
0,CVE-2019-17558,primary_impact,T1505
0,CVE-2019-17558,primary_impact,T1059
0,CVE-2019-17558,primary_impact,T1574
0,CVE-2019-17558,primary_impact,T1552
0,CVE-2019-17558,primary_impact,T1529
0,CVE-2019-17558,primary_impact,T1485
0,CVE-2019-17558,primary_impact,T1098
0,CVE-2019-17558,primary_impact,T1222
0,CVE-2019-17558,primary_impact,T1562
1,CVE-2021-21166,primary_impact,T1574
1,CVE-2021-21166,primary_impact,T1499
1,CVE-2021-21166,primary_impact,T1005
2,CVE-2023-20198,primary_impact,T1499
2,CVE-2023-20198,primary_impact,T1632
2,CVE-2023-20198,primary_impact,T1005
2,CVE-2023-20198,primary_impact,T1505
2,CVE-2023-20198,primary_impact,T1574
2,CVE-2023-20198,primary_impact,T1552
2,CVE-2023-20198,primary_impact,T1529
2,CVE-2023-20198,primary_impact,T1136
2,CVE-2023-20198,primary_impact,T1485
2,CVE-2023-20198,primary_impact,T1565
2,CVE-2023-20198,primary_impact,T1098
2,CVE-2023-20198,primary_impact,T1222
2,CVE-2023-20198,primary_impact,T1562
3,CVE-2024-4577,primary_impact,T1499
3,CVE-2024-4577,primary_impact,T1632
3,CVE-2024-4577,primary_impact,T1005
3,CVE-2024-4577,primary_impact,T1505
3,CVE-2024-4577,primary_impact,T1059
3,CVE-2024-4577,primary_impact,T1574
3,CVE-2024-4577,primary_impact,T1552
3,CVE-2024-4577,primary_impact,T1529
3,CVE-2024-4577,primary_impact,T1136
3,CVE-2024-4577,primary_impact,T1485
3,CVE-2024-4577,primary_impact,T1565
3,CVE-2024-4577,primary_impact,T1098
3,CVE-2024-4577,primary_impact,T1222
3,CVE-2024-4577,primary_impact,T1562
4,CVE-2023-20269,primary_impact,T1078
4,CVE-2023-20269,primary_impact,T1552
5,CVE-2016-7855,primary_impact,T1499
5,CVE-2016-7855,primary_impact,T1632
5,CVE-2016-7855,primary_impact,T1005
5,CVE-2016-7855,primary_impact,T1574
5,CVE-2016-7855,primary_impact,T1552
5,CVE-2016-7855,primary_impact,T1222
5,CVE-2016-7855,primary_impact,T1562
6,CVE-2021-21017,primary_impact,T1499
6,CVE-2021-21017,primary_impact,T1005
6,CVE-2021-21017,primary_impact,T1059
6,CVE-2021-21017,primary_impact,T1574
6,CVE-2021-21017,primary_impact,T1552
7,CVE-2022-22947,primary_impact,T1499
7,CVE-2022-22947,primary_impact,T1632
7,CVE-2022-22947,primary_impact,T1005
7,CVE-2022-22947,primary_impact,T1505
7,CVE-2022-22947,primary_impact,T1059
7,CVE-2022-22947,primary_impact,T1552
7,CVE-2022-22947,primary_impact,T1529
7,CVE-2022-22947,primary_impact,T1136
7,CVE-2022-22947,primary_impact,T1485
7,CVE-2022-22947,primary_impact,T1565
7,CVE-2022-22947,primary_impact,T1098
7,CVE-2022-22947,primary_impact,T1222
7,CVE-2022-22947,primary_impact,T1562
8,CVE-2021-27104,primary_impact,T1499
8,CVE-2021-27104,primary_impact,T1632
8,CVE-2021-27104,primary_impact,T1005
8,CVE-2021-27104,primary_impact,T1505
8,CVE-2021-27104,primary_impact,T1059
8,CVE-2021-27104,primary_impact,T1552
8,CVE-2021-27104,primary_impact,T1529
8,CVE-2021-27104,primary_impact,T1136
8,CVE-2021-27104,primary_impact,T1098
8,CVE-2021-27104,primary_impact,T1222
8,CVE-2021-27104,primary_impact,T1562
9,CVE-2021-45046,primary_impact,T1499
9,CVE-2021-45046,primary_impact,T1632
9,CVE-2021-45046,primary_impact,T1005
9,CVE-2021-45046,primary_impact,T1505
9,CVE-2021-45046,primary_impact,T1059
9,CVE-2021-45046,primary_impact,T1574
9,CVE-2021-45046,primary_impact,T1552
9,CVE-2021-45046,primary_impact,T1565
9,CVE-2021-45046,primary_impact,T1562
10,CVE-2023-23397,primary_impact,
11,CVE-2021-28550,primary_impact,T1574
11,CVE-2021-28550,primary_impact,T1499
11,CVE-2021-28550,primary_impact,T1005
12,CVE-2022-47966,primary_impact,T1499
12,CVE-2022-47966,primary_impact,T1632
12,CVE-2022-47966,primary_impact,T1005
12,CVE-2022-47966,primary_impact,T1505
12,CVE-2022-47966,primary_impact,T1059
12,CVE-2022-47966,primary_impact,T1574
12,CVE-2022-47966,primary_impact,T1552
12,CVE-2022-47966,primary_impact,T1529
12,CVE-2022-47966,primary_impact,T1136
12,CVE-2022-47966,primary_impact,T1485
12,CVE-2022-47966,primary_impact,T1565
12,CVE-2022-47966,primary_impact,T1098
12,CVE-2022-47966,primary_impact,T1222
12,CVE-2022-47966,primary_impact,T1562
13,CVE-2008-2992,primary_impact,T1574
13,CVE-2008-2992,primary_impact,T1499
13,CVE-2008-2992,primary_impact,T1005
13,CVE-2008-2992,primary_impact,T1562
14,CVE-2019-11634,primary_impact,T1499
14,CVE-2019-11634,primary_impact,T1632
14,CVE-2019-11634,primary_impact,T1005
14,CVE-2019-11634,primary_impact,T1505
14,CVE-2019-11634,primary_impact,T1552
14,CVE-2019-11634,primary_impact,T1529
14,CVE-2019-11634,primary_impact,T1136
14,CVE-2019-11634,primary_impact,T1565
14,CVE-2019-11634,primary_impact,T1098
14,CVE-2019-11634,primary_impact,T1222
14,CVE-2019-11634,primary_impact,T1562
15,CVE-2012-5054,primary_impact,T1499
15,CVE-2012-5054,primary_impact,T1632
15,CVE-2012-5054,primary_impact,T1005
15,CVE-2012-5054,primary_impact,T1574
15,CVE-2012-5054,primary_impact,T1565
16,CVE-2018-4878,primary_impact,T1499
16,CVE-2018-4878,primary_impact,T1005
16,CVE-2018-4878,primary_impact,T1574
16,CVE-2018-4878,primary_impact,T1552
16,CVE-2018-4878,primary_impact,T1222
16,CVE-2018-4878,primary_impact,T1562
17,CVE-2021-37975,primary_impact,T1574
17,CVE-2021-37975,primary_impact,T1499
17,CVE-2021-37975,primary_impact,T1005
18,CVE-2022-24086,primary_impact,T1499
18,CVE-2022-24086,primary_impact,T1632
18,CVE-2022-24086,primary_impact,T1005
18,CVE-2022-24086,primary_impact,T1505
18,CVE-2022-24086,primary_impact,T1059
18,CVE-2022-24086,primary_impact,T1574
18,CVE-2022-24086,primary_impact,T1552
18,CVE-2022-24086,primary_impact,T1565
18,CVE-2022-24086,primary_impact,T1222
18,CVE-2022-24086,primary_impact,T1562
19,CVE-2009-1862,primary_impact,T1499
19,CVE-2009-1862,primary_impact,T1632
19,CVE-2009-1862,primary_impact,T1005
19,CVE-2009-1862,primary_impact,T1505
19,CVE-2009-1862,primary_impact,T1059
19,CVE-2009-1862,primary_impact,T1574
19,CVE-2009-1862,primary_impact,T1552
19,CVE-2009-1862,primary_impact,T1562
20,CVE-2021-27103,primary_impact,T1632
20,CVE-2021-27103,primary_impact,T1005
20,CVE-2021-27103,primary_impact,T1090
20,CVE-2021-27103,primary_impact,T1552
21,CVE-2012-1535,primary_impact,T1499
21,CVE-2012-1535,primary_impact,T1005
21,CVE-2012-1535,primary_impact,T1059
21,CVE-2012-1535,primary_impact,T1574
21,CVE-2012-1535,primary_impact,T1552
21,CVE-2012-1535,primary_impact,T1222
21,CVE-2012-1535,primary_impact,T1562
22,CVE-2020-15505,primary_impact,T1499
22,CVE-2020-15505,primary_impact,T1632
22,CVE-2020-15505,primary_impact,T1005
22,CVE-2020-15505,primary_impact,T1505
22,CVE-2020-15505,primary_impact,T1059
22,CVE-2020-15505,primary_impact,T1574
22,CVE-2020-15505,primary_impact,T1552
22,CVE-2020-15505,primary_impact,T1529
22,CVE-2020-15505,primary_impact,T1485
22,CVE-2020-15505,primary_impact,T1565
22,CVE-2020-15505,primary_impact,T1222
22,CVE-2020-15505,primary_impact,T1562
23,CVE-2021-21148,primary_impact,T1574
23,CVE-2021-21148,primary_impact,T1499
23,CVE-2021-21148,primary_impact,T1005
24,CVE-2022-3075,primary_impact,T1552
24,CVE-2022-3075,primary_impact,T1499
24,CVE-2022-3075,primary_impact,T1005
24,CVE-2022-3075,primary_impact,T1059
25,CVE-2020-8195,primary_impact,
26,CVE-2022-22965,primary_impact,T1005
26,CVE-2022-22965,primary_impact,T1059
26,CVE-2022-22965,primary_impact,T1552
26,CVE-2022-22965,primary_impact,T1098
26,CVE-2022-22965,primary_impact,T1562
27,CVE-2021-27101,primary_impact,T1632
27,CVE-2021-27101,primary_impact,T1005
27,CVE-2021-27101,primary_impact,T1059
27,CVE-2021-27101,primary_impact,T1552
27,CVE-2021-27101,primary_impact,T1136
28,CVE-2023-29298,primary_impact,T1499
28,CVE-2023-29298,primary_impact,T1632
28,CVE-2023-29298,primary_impact,T1005
28,CVE-2023-29298,primary_impact,T1505
28,CVE-2023-29298,primary_impact,T1552
28,CVE-2023-29298,primary_impact,T1136
28,CVE-2023-29298,primary_impact,T1565
28,CVE-2023-29298,primary_impact,T1098
28,CVE-2023-29298,primary_impact,T1222
28,CVE-2023-29298,primary_impact,T1562
29,CVE-2021-27102,primary_impact,T1499
29,CVE-2021-27102,primary_impact,T1632
29,CVE-2021-27102,primary_impact,T1005
29,CVE-2021-27102,primary_impact,T1505
29,CVE-2021-27102,primary_impact,T1059
29,CVE-2021-27102,primary_impact,T1552
29,CVE-2021-27102,primary_impact,T1529
29,CVE-2021-27102,primary_impact,T1565
29,CVE-2021-27102,primary_impact,T1562
30,CVE-2022-29464,primary_impact,T1499
30,CVE-2022-29464,primary_impact,T1632
30,CVE-2022-29464,primary_impact,T1005
30,CVE-2022-29464,primary_impact,T1505
30,CVE-2022-29464,primary_impact,T1552
30,CVE-2022-29464,primary_impact,T1485
30,CVE-2022-29464,primary_impact,T1565
30,CVE-2022-29464,primary_impact,T1098
30,CVE-2022-29464,primary_impact,T1222
30,CVE-2022-29464,primary_impact,T1562
31,CVE-2022-41328,primary_impact,T1499
31,CVE-2022-41328,primary_impact,T1632
31,CVE-2022-41328,primary_impact,T1005
31,CVE-2022-41328,primary_impact,T1505
31,CVE-2022-41328,primary_impact,T1574
31,CVE-2022-41328,primary_impact,T1552
31,CVE-2022-41328,primary_impact,T1485
31,CVE-2022-41328,primary_impact,T1565
31,CVE-2022-41328,primary_impact,T1098
31,CVE-2022-41328,primary_impact,T1222
31,CVE-2022-41328,primary_impact,T1562
32,CVE-2015-7645,primary_impact,T1499
32,CVE-2015-7645,primary_impact,T1632
32,CVE-2015-7645,primary_impact,T1005
32,CVE-2015-7645,primary_impact,T1505
32,CVE-2015-7645,primary_impact,T1059
32,CVE-2015-7645,primary_impact,T1574
32,CVE-2015-7645,primary_impact,T1552
32,CVE-2015-7645,primary_impact,T1565
32,CVE-2015-7645,primary_impact,T1562
33,CVE-2024-4761,primary_impact,T1499
33,CVE-2024-4761,primary_impact,T1005
33,CVE-2024-4761,primary_impact,T1574
33,CVE-2024-4761,primary_impact,T1552
33,CVE-2024-4761,primary_impact,T1562
34,CVE-2023-4966,primary_impact,T1552
34,CVE-2023-4966,primary_impact,T1005
35,CVE-2024-38080,primary_impact,T1499
35,CVE-2024-38080,primary_impact,T1632
35,CVE-2024-38080,primary_impact,T1005
35,CVE-2024-38080,primary_impact,T1222
35,CVE-2024-38080,primary_impact,T1562
36,CVE-2023-6549,primary_impact,T1499
36,CVE-2023-6549,primary_impact,T1005
36,CVE-2023-6549,primary_impact,T1574
36,CVE-2023-6549,primary_impact,T1552
36,CVE-2023-6549,primary_impact,T1529
37,CVE-2021-26084,primary_impact,T1499
37,CVE-2021-26084,primary_impact,T1632
37,CVE-2021-26084,primary_impact,T1005
37,CVE-2021-26084,primary_impact,T1505
37,CVE-2021-26084,primary_impact,T1059
37,CVE-2021-26084,primary_impact,T1574
37,CVE-2021-26084,primary_impact,T1552
37,CVE-2021-26084,primary_impact,T1529
37,CVE-2021-26084,primary_impact,T1136
37,CVE-2021-26084,primary_impact,T1485
37,CVE-2021-26084,primary_impact,T1565
37,CVE-2021-26084,primary_impact,T1098
37,CVE-2021-26084,primary_impact,T1222
37,CVE-2021-26084,primary_impact,T1562
38,CVE-2021-36380,primary_impact,T1499
38,CVE-2021-36380,primary_impact,T1632
38,CVE-2021-36380,primary_impact,T1005
38,CVE-2021-36380,primary_impact,T1505
38,CVE-2021-36380,primary_impact,T1059
38,CVE-2021-36380,primary_impact,T1552
38,CVE-2021-36380,primary_impact,T1529
38,CVE-2021-36380,primary_impact,T1136
38,CVE-2021-36380,primary_impact,T1485
38,CVE-2021-36380,primary_impact,T1565
38,CVE-2021-36380,primary_impact,T1098
38,CVE-2021-36380,primary_impact,T1222
38,CVE-2021-36380,primary_impact,T1562
39,CVE-2016-1010,primary_impact,T1574
39,CVE-2016-1010,primary_impact,T1499
39,CVE-2016-1010,primary_impact,T1005
39,CVE-2016-1010,primary_impact,T1562
40,CVE-2023-27524,primary_impact,T1632
40,CVE-2023-27524,primary_impact,T1005
40,CVE-2023-27524,primary_impact,T1552
40,CVE-2023-27524,primary_impact,T1136
40,CVE-2023-27524,primary_impact,T1098
41,CVE-2020-29557,primary_impact,T1499
41,CVE-2020-29557,primary_impact,T1632
41,CVE-2020-29557,primary_impact,T1005
41,CVE-2020-29557,primary_impact,T1505
41,CVE-2020-29557,primary_impact,T1059
41,CVE-2020-29557,primary_impact,T1574
41,CVE-2020-29557,primary_impact,T1552
41,CVE-2020-29557,primary_impact,T1529
41,CVE-2020-29557,primary_impact,T1136
41,CVE-2020-29557,primary_impact,T1485
41,CVE-2020-29557,primary_impact,T1565
41,CVE-2020-29557,primary_impact,T1098
41,CVE-2020-29557,primary_impact,T1222
41,CVE-2020-29557,primary_impact,T1562
42,CVE-2021-27860,primary_impact,T1499
42,CVE-2021-27860,primary_impact,T1632
42,CVE-2021-27860,primary_impact,T1005
42,CVE-2021-27860,primary_impact,T1505
42,CVE-2021-27860,primary_impact,T1552
42,CVE-2021-27860,primary_impact,T1136
42,CVE-2021-27860,primary_impact,T1485
42,CVE-2021-27860,primary_impact,T1565
42,CVE-2021-27860,primary_impact,T1098
42,CVE-2021-27860,primary_impact,T1222
42,CVE-2021-27860,primary_impact,T1562
43,CVE-2010-0188,primary_impact,T1499
43,CVE-2010-0188,primary_impact,T1005
44,CVE-2022-41073,primary_impact,T1499
44,CVE-2022-41073,primary_impact,T1632
44,CVE-2022-41073,primary_impact,T1005
44,CVE-2022-41073,primary_impact,T1222
44,CVE-2022-41073,primary_impact,T1562
45,CVE-2022-22948,primary_impact,T1552
45,CVE-2022-22948,primary_impact,T1005
46,CVE-2020-5735,primary_impact,T1499
46,CVE-2020-5735,primary_impact,T1005
46,CVE-2020-5735,primary_impact,T1574
46,CVE-2020-5735,primary_impact,T1529
46,CVE-2020-5735,primary_impact,T1562
47,CVE-2022-22047,primary_impact,T1499
47,CVE-2022-22047,primary_impact,T1632
47,CVE-2022-22047,primary_impact,T1005
47,CVE-2022-22047,primary_impact,T1222
47,CVE-2022-22047,primary_impact,T1562
48,CVE-2021-44515,primary_impact,T1499
48,CVE-2021-44515,primary_impact,T1632
48,CVE-2021-44515,primary_impact,T1005
48,CVE-2021-44515,primary_impact,T1505
48,CVE-2021-44515,primary_impact,T1574
48,CVE-2021-44515,primary_impact,T1552
48,CVE-2021-44515,primary_impact,T1529
48,CVE-2021-44515,primary_impact,T1136
48,CVE-2021-44515,primary_impact,T1485
48,CVE-2021-44515,primary_impact,T1565
48,CVE-2021-44515,primary_impact,T1098
48,CVE-2021-44515,primary_impact,T1190
48,CVE-2021-44515,primary_impact,T1222
48,CVE-2021-44515,primary_impact,T1562
49,CVE-2022-26904,primary_impact,T1632
49,CVE-2022-26904,primary_impact,T1005
49,CVE-2022-26904,primary_impact,T1098
49,CVE-2022-26904,primary_impact,T1222
49,CVE-2022-26904,primary_impact,T1562
50,CVE-2020-5902,primary_impact,T1499
50,CVE-2020-5902,primary_impact,T1632
50,CVE-2020-5902,primary_impact,T1005
50,CVE-2020-5902,primary_impact,T1505
50,CVE-2020-5902,primary_impact,T1059
50,CVE-2020-5902,primary_impact,T1574
50,CVE-2020-5902,primary_impact,T1552
50,CVE-2020-5902,primary_impact,T1529
50,CVE-2020-5902,primary_impact,T1136
50,CVE-2020-5902,primary_impact,T1485
50,CVE-2020-5902,primary_impact,T1565
50,CVE-2020-5902,primary_impact,T1098
50,CVE-2020-5902,primary_impact,T1222
50,CVE-2020-5902,primary_impact,T1562
51,CVE-2024-20353,primary_impact,T1499
51,CVE-2024-20353,primary_impact,T1529
52,CVE-2023-20867,primary_impact,T1499
52,CVE-2023-20867,primary_impact,T1632
52,CVE-2023-20867,primary_impact,T1005
52,CVE-2023-20867,primary_impact,T1552
52,CVE-2023-20867,primary_impact,T1565
52,CVE-2023-20867,primary_impact,T1562
53,CVE-2013-0632,primary_impact,T1499
53,CVE-2013-0632,primary_impact,T1632
53,CVE-2013-0632,primary_impact,T1005
53,CVE-2013-0632,primary_impact,T1505
53,CVE-2013-0632,primary_impact,T1552
53,CVE-2013-0632,primary_impact,T1529
53,CVE-2013-0632,primary_impact,T1136
53,CVE-2013-0632,primary_impact,T1485
53,CVE-2013-0632,primary_impact,T1565
53,CVE-2013-0632,primary_impact,T1098
53,CVE-2013-0632,primary_impact,T1222
53,CVE-2013-0632,primary_impact,T1562
54,CVE-2018-15982,primary_impact,T1499
54,CVE-2018-15982,primary_impact,T1632
54,CVE-2018-15982,primary_impact,T1005
54,CVE-2018-15982,primary_impact,T1059
54,CVE-2018-15982,primary_impact,T1574
54,CVE-2018-15982,primary_impact,T1552
54,CVE-2018-15982,primary_impact,T1222
54,CVE-2018-15982,primary_impact,T1562
55,CVE-2021-35464,primary_impact,T1499
55,CVE-2021-35464,primary_impact,T1632
55,CVE-2021-35464,primary_impact,T1005
55,CVE-2021-35464,primary_impact,T1505
55,CVE-2021-35464,primary_impact,T1059
55,CVE-2021-35464,primary_impact,T1574
55,CVE-2021-35464,primary_impact,T1552
55,CVE-2021-35464,primary_impact,T1529
55,CVE-2021-35464,primary_impact,T1136
55,CVE-2021-35464,primary_impact,T1485
55,CVE-2021-35464,primary_impact,T1565
55,CVE-2021-35464,primary_impact,T1098
55,CVE-2021-35464,primary_impact,T1222
55,CVE-2021-35464,primary_impact,T1562
56,CVE-2013-3346,primary_impact,T1499
56,CVE-2013-3346,primary_impact,T1005
56,CVE-2013-3346,primary_impact,T1574
56,CVE-2013-3346,primary_impact,T1552
56,CVE-2013-3346,primary_impact,T1529
56,CVE-2013-3346,primary_impact,T1562
57,CVE-2021-42321,primary_impact,T1499
57,CVE-2021-42321,primary_impact,T1632
57,CVE-2021-42321,primary_impact,T1005
57,CVE-2021-42321,primary_impact,T1059
57,CVE-2021-42321,primary_impact,T1552
57,CVE-2021-42321,primary_impact,T1562
58,CVE-2009-3953,primary_impact,T1499
58,CVE-2009-3953,primary_impact,T1005
58,CVE-2009-3953,primary_impact,T1059
58,CVE-2009-3953,primary_impact,T1574
58,CVE-2009-3953,primary_impact,T1562
59,CVE-2023-38831,primary_impact,T1499
59,CVE-2023-38831,primary_impact,T1632
59,CVE-2023-38831,primary_impact,T1005
59,CVE-2023-38831,primary_impact,T1505
59,CVE-2023-38831,primary_impact,T1574
59,CVE-2023-38831,primary_impact,T1552
59,CVE-2023-38831,primary_impact,T1485
59,CVE-2023-38831,primary_impact,T1565
59,CVE-2023-38831,primary_impact,T1222
59,CVE-2023-38831,primary_impact,T1562
60,CVE-2022-28810,primary_impact,T1499
60,CVE-2022-28810,primary_impact,T1632
60,CVE-2022-28810,primary_impact,T1005
60,CVE-2022-28810,primary_impact,T1505
60,CVE-2022-28810,primary_impact,T1059
60,CVE-2022-28810,primary_impact,T1574
60,CVE-2022-28810,primary_impact,T1552
60,CVE-2022-28810,primary_impact,T1529
60,CVE-2022-28810,primary_impact,T1136
60,CVE-2022-28810,primary_impact,T1485
60,CVE-2022-28810,primary_impact,T1565
60,CVE-2022-28810,primary_impact,T1098
60,CVE-2022-28810,primary_impact,T1222
60,CVE-2022-28810,primary_impact,T1562
61,CVE-2021-40539,primary_impact,T1499
61,CVE-2021-40539,primary_impact,T1632
61,CVE-2021-40539,primary_impact,T1005
61,CVE-2021-40539,primary_impact,T1505
61,CVE-2021-40539,primary_impact,T1574
61,CVE-2021-40539,primary_impact,T1552
61,CVE-2021-40539,primary_impact,T1529
61,CVE-2021-40539,primary_impact,T1136
61,CVE-2021-40539,primary_impact,T1485
61,CVE-2021-40539,primary_impact,T1565
61,CVE-2021-40539,primary_impact,T1098
61,CVE-2021-40539,primary_impact,T1190
61,CVE-2021-40539,primary_impact,T1222
61,CVE-2021-40539,primary_impact,T1562
62,CVE-2010-1297,primary_impact,T1499
62,CVE-2010-1297,primary_impact,T1632
62,CVE-2010-1297,primary_impact,T1005
62,CVE-2010-1297,primary_impact,T1574
62,CVE-2010-1297,primary_impact,T1552
62,CVE-2010-1297,primary_impact,T1529
62,CVE-2010-1297,primary_impact,T1562
63,CVE-2021-45382,primary_impact,T1499
63,CVE-2021-45382,primary_impact,T1632
63,CVE-2021-45382,primary_impact,T1005
63,CVE-2021-45382,primary_impact,T1505
63,CVE-2021-45382,primary_impact,T1059
63,CVE-2021-45382,primary_impact,T1574
63,CVE-2021-45382,primary_impact,T1552
63,CVE-2021-45382,primary_impact,T1529
63,CVE-2021-45382,primary_impact,T1136
63,CVE-2021-45382,primary_impact,T1485
63,CVE-2021-45382,primary_impact,T1565
63,CVE-2021-45382,primary_impact,T1098
63,CVE-2021-45382,primary_impact,T1222
63,CVE-2021-45382,primary_impact,T1562
64,CVE-2021-22205,primary_impact,T1499
64,CVE-2021-22205,primary_impact,T1632
64,CVE-2021-22205,primary_impact,T1005
64,CVE-2021-22205,primary_impact,T1505
64,CVE-2021-22205,primary_impact,T1059
64,CVE-2021-22205,primary_impact,T1552
64,CVE-2021-22205,primary_impact,T1562
65,CVE-2023-36844,primary_impact,T1499
65,CVE-2023-36844,primary_impact,T1632
65,CVE-2023-36844,primary_impact,T1005
65,CVE-2023-36844,primary_impact,T1552
65,CVE-2023-36844,primary_impact,T1562
66,CVE-2024-21893,primary_impact,T1499
66,CVE-2024-21893,primary_impact,T1632
66,CVE-2024-21893,primary_impact,T1005
66,CVE-2024-21893,primary_impact,T1552
66,CVE-2024-21893,primary_impact,T1098
66,CVE-2024-21893,primary_impact,T1090
66,CVE-2024-21893,primary_impact,T1562
67,CVE-2023-28252,primary_impact,T1632
67,CVE-2023-28252,primary_impact,T1222
67,CVE-2023-28252,primary_impact,T1562
68,CVE-2022-42948,primary_impact,T1499
68,CVE-2022-42948,primary_impact,T1632
68,CVE-2022-42948,primary_impact,T1005
68,CVE-2022-42948,primary_impact,T1059
68,CVE-2022-42948,primary_impact,T1552
68,CVE-2022-42948,primary_impact,T1098
68,CVE-2022-42948,primary_impact,T1562
69,CVE-2024-30051,primary_impact,T1632
69,CVE-2024-30051,primary_impact,T1499
69,CVE-2024-30051,primary_impact,T1005
69,CVE-2024-30051,primary_impact,T1222
70,CVE-2022-26501,primary_impact,T1499
70,CVE-2022-26501,primary_impact,T1632
70,CVE-2022-26501,primary_impact,T1005
70,CVE-2022-26501,primary_impact,T1505
70,CVE-2022-26501,primary_impact,T1552
70,CVE-2022-26501,primary_impact,T1529
70,CVE-2022-26501,primary_impact,T1136
70,CVE-2022-26501,primary_impact,T1565
70,CVE-2022-26501,primary_impact,T1098
70,CVE-2022-26501,primary_impact,T1222
70,CVE-2022-26501,primary_impact,T1562
71,CVE-2021-26085,primary_impact,T1552
71,CVE-2021-26085,primary_impact,T1499
71,CVE-2021-26085,primary_impact,T1005
72,CVE-2017-11292,primary_impact,T1499
72,CVE-2017-11292,primary_impact,T1632
72,CVE-2017-11292,primary_impact,T1005
72,CVE-2017-11292,primary_impact,T1505
72,CVE-2017-11292,primary_impact,T1059
72,CVE-2017-11292,primary_impact,T1574
72,CVE-2017-11292,primary_impact,T1552
72,CVE-2017-11292,primary_impact,T1222
72,CVE-2017-11292,primary_impact,T1562
73,CVE-2023-34048,primary_impact,T1499
73,CVE-2023-34048,primary_impact,T1632
73,CVE-2023-34048,primary_impact,T1005
73,CVE-2023-34048,primary_impact,T1574
73,CVE-2023-34048,primary_impact,T1552
73,CVE-2023-34048,primary_impact,T1529
73,CVE-2023-34048,primary_impact,T1562
74,CVE-2024-21762,primary_impact,T1499
74,CVE-2024-21762,primary_impact,T1632
74,CVE-2024-21762,primary_impact,T1005
74,CVE-2024-21762,primary_impact,T1505
74,CVE-2024-21762,primary_impact,T1059
74,CVE-2024-21762,primary_impact,T1574
74,CVE-2024-21762,primary_impact,T1552
74,CVE-2024-21762,primary_impact,T1529
74,CVE-2024-21762,primary_impact,T1136
74,CVE-2024-21762,primary_impact,T1485
74,CVE-2024-21762,primary_impact,T1565
74,CVE-2024-21762,primary_impact,T1098
74,CVE-2024-21762,primary_impact,T1222
74,CVE-2024-21762,primary_impact,T1562
75,CVE-2015-8651,primary_impact,T1499
75,CVE-2015-8651,primary_impact,T1632
75,CVE-2015-8651,primary_impact,T1005
75,CVE-2015-8651,primary_impact,T1505
75,CVE-2015-8651,primary_impact,T1574
75,CVE-2015-8651,primary_impact,T1552
75,CVE-2015-8651,primary_impact,T1222
75,CVE-2015-8651,primary_impact,T1562
76,CVE-2021-22894,primary_impact,T1499
76,CVE-2021-22894,primary_impact,T1632
76,CVE-2021-22894,primary_impact,T1005
76,CVE-2021-22894,primary_impact,T1505
76,CVE-2021-22894,primary_impact,T1574
76,CVE-2021-22894,primary_impact,T1552
76,CVE-2021-22894,primary_impact,T1529
76,CVE-2021-22894,primary_impact,T1136
76,CVE-2021-22894,primary_impact,T1485
76,CVE-2021-22894,primary_impact,T1565
76,CVE-2021-22894,primary_impact,T1098
76,CVE-2021-22894,primary_impact,T1222
76,CVE-2021-22894,primary_impact,T1562
77,CVE-2022-23131,primary_impact,T1632
77,CVE-2022-23131,primary_impact,T1005
77,CVE-2022-23131,primary_impact,T1552
77,CVE-2022-23131,primary_impact,T1136
77,CVE-2022-23131,primary_impact,T1563
77,CVE-2022-23131,primary_impact,T1098
77,CVE-2022-23131,primary_impact,T1222
77,CVE-2022-23131,primary_impact,T1562
78,CVE-2020-12812,primary_impact,T1632
78,CVE-2020-12812,primary_impact,T1005
78,CVE-2020-12812,primary_impact,T1552
78,CVE-2020-12812,primary_impact,T1098
78,CVE-2020-12812,primary_impact,T1190
79,CVE-2018-4939,primary_impact,T1499
79,CVE-2018-4939,primary_impact,T1632
79,CVE-2018-4939,primary_impact,T1005
79,CVE-2018-4939,primary_impact,T1505
79,CVE-2018-4939,primary_impact,T1059
79,CVE-2018-4939,primary_impact,T1574
79,CVE-2018-4939,primary_impact,T1552
79,CVE-2018-4939,primary_impact,T1136
79,CVE-2018-4939,primary_impact,T1485
79,CVE-2018-4939,primary_impact,T1565
79,CVE-2018-4939,primary_impact,T1098
79,CVE-2018-4939,primary_impact,T1222
79,CVE-2018-4939,primary_impact,T1562
80,CVE-2021-34473,primary_impact,T1499
80,CVE-2021-34473,primary_impact,T1632
80,CVE-2021-34473,primary_impact,T1005
80,CVE-2021-34473,primary_impact,T1059
80,CVE-2021-34473,primary_impact,T1552
80,CVE-2021-34473,primary_impact,T1222
80,CVE-2021-34473,primary_impact,T1562
81,CVE-2021-1497,primary_impact,T1499
81,CVE-2021-1497,primary_impact,T1632
81,CVE-2021-1497,primary_impact,T1005
81,CVE-2021-1497,primary_impact,T1505
81,CVE-2021-1497,primary_impact,T1059
81,CVE-2021-1497,primary_impact,T1552
81,CVE-2021-1497,primary_impact,T1529
81,CVE-2021-1497,primary_impact,T1136
81,CVE-2021-1497,primary_impact,T1222
81,CVE-2021-1497,primary_impact,T1562
82,CVE-2023-49897,primary_impact,T1632
82,CVE-2023-49897,primary_impact,T1005
82,CVE-2023-49897,primary_impact,T1059
82,CVE-2023-49897,primary_impact,T1552
82,CVE-2023-49897,primary_impact,T1529
82,CVE-2023-49897,primary_impact,T1485
82,CVE-2023-49897,primary_impact,T1565
82,CVE-2023-49897,primary_impact,T1098
82,CVE-2023-49897,primary_impact,T1222
82,CVE-2023-49897,primary_impact,T1562
83,CVE-2022-30190,primary_impact,T1499
83,CVE-2022-30190,primary_impact,T1632
83,CVE-2022-30190,primary_impact,T1005
83,CVE-2022-30190,primary_impact,T1505
83,CVE-2022-30190,primary_impact,T1059
83,CVE-2022-30190,primary_impact,T1574
83,CVE-2022-30190,primary_impact,T1552
83,CVE-2022-30190,primary_impact,T1136
83,CVE-2022-30190,primary_impact,T1485
83,CVE-2022-30190,primary_impact,T1565
83,CVE-2022-30190,primary_impact,T1098
83,CVE-2022-30190,primary_impact,T1222
83,CVE-2022-30190,primary_impact,T1562
84,CVE-2024-24919,primary_impact,T1552
84,CVE-2024-24919,primary_impact,T1499
84,CVE-2024-24919,primary_impact,T1005
85,CVE-2021-44077,primary_impact,T1499
85,CVE-2021-44077,primary_impact,T1632
85,CVE-2021-44077,primary_impact,T1005
85,CVE-2021-44077,primary_impact,T1505
85,CVE-2021-44077,primary_impact,T1059
85,CVE-2021-44077,primary_impact,T1574
85,CVE-2021-44077,primary_impact,T1552
85,CVE-2021-44077,primary_impact,T1529
85,CVE-2021-44077,primary_impact,T1136
85,CVE-2021-44077,primary_impact,T1485
85,CVE-2021-44077,primary_impact,T1565
85,CVE-2021-44077,primary_impact,T1098
85,CVE-2021-44077,primary_impact,T1222
85,CVE-2021-44077,primary_impact,T1562
86,CVE-2023-5631,primary_impact,T1499
86,CVE-2023-5631,primary_impact,T1632
86,CVE-2023-5631,primary_impact,T1005
86,CVE-2023-5631,primary_impact,T1059
86,CVE-2023-5631,primary_impact,T1552
86,CVE-2023-5631,primary_impact,T1562
87,CVE-2021-42237,primary_impact,T1499
87,CVE-2021-42237,primary_impact,T1632
87,CVE-2021-42237,primary_impact,T1005
87,CVE-2021-42237,primary_impact,T1505
87,CVE-2021-42237,primary_impact,T1059
87,CVE-2021-42237,primary_impact,T1574
87,CVE-2021-42237,primary_impact,T1552
87,CVE-2021-42237,primary_impact,T1529
87,CVE-2021-42237,primary_impact,T1136
87,CVE-2021-42237,primary_impact,T1485
87,CVE-2021-42237,primary_impact,T1565
87,CVE-2021-42237,primary_impact,T1098
87,CVE-2021-42237,primary_impact,T1222
87,CVE-2021-42237,primary_impact,T1562
88,CVE-2023-36846,primary_impact,T1632
88,CVE-2023-36846,primary_impact,T1005
88,CVE-2023-36846,primary_impact,T1565
88,CVE-2023-36846,primary_impact,T1505
89,CVE-2017-9805,primary_impact,T1499
89,CVE-2017-9805,primary_impact,T1632
89,CVE-2017-9805,primary_impact,T1005
89,CVE-2017-9805,primary_impact,T1505
89,CVE-2017-9805,primary_impact,T1059
89,CVE-2017-9805,primary_impact,T1574
89,CVE-2017-9805,primary_impact,T1552
89,CVE-2017-9805,primary_impact,T1529
89,CVE-2017-9805,primary_impact,T1136
89,CVE-2017-9805,primary_impact,T1485
89,CVE-2017-9805,primary_impact,T1098
89,CVE-2017-9805,primary_impact,T1562
90,CVE-2022-21971,primary_impact,T1632
90,CVE-2022-21971,primary_impact,T1499
90,CVE-2022-21971,primary_impact,T1005
91,CVE-2016-0984,primary_impact,T1499
91,CVE-2016-0984,primary_impact,T1005
91,CVE-2016-0984,primary_impact,T1574
91,CVE-2016-0984,primary_impact,T1552
91,CVE-2016-0984,primary_impact,T1222
91,CVE-2016-0984,primary_impact,T1562
92,CVE-2024-21887,primary_impact,T1499
92,CVE-2024-21887,primary_impact,T1632
92,CVE-2024-21887,primary_impact,T1005
92,CVE-2024-21887,primary_impact,T1059
92,CVE-2024-21887,primary_impact,T1574
92,CVE-2024-21887,primary_impact,T1552
92,CVE-2024-21887,primary_impact,T1529
92,CVE-2024-21887,primary_impact,T1485
92,CVE-2024-21887,primary_impact,T1565
92,CVE-2024-21887,primary_impact,T1098
92,CVE-2024-21887,primary_impact,T1222
92,CVE-2024-21887,primary_impact,T1562
93,CVE-2014-6271,primary_impact,T1499
93,CVE-2014-6271,primary_impact,T1632
93,CVE-2014-6271,primary_impact,T1005
93,CVE-2014-6271,primary_impact,T1505
93,CVE-2014-6271,primary_impact,T1059
93,CVE-2014-6271,primary_impact,T1574
93,CVE-2014-6271,primary_impact,T1552
93,CVE-2014-6271,primary_impact,T1098
93,CVE-2014-6271,primary_impact,T1222
93,CVE-2014-6271,primary_impact,T1562
94,CVE-2019-18935,primary_impact,T1499
94,CVE-2019-18935,primary_impact,T1632
94,CVE-2019-18935,primary_impact,T1005
94,CVE-2019-18935,primary_impact,T1505
94,CVE-2019-18935,primary_impact,T1059
94,CVE-2019-18935,primary_impact,T1574
94,CVE-2019-18935,primary_impact,T1552
94,CVE-2019-18935,primary_impact,T1485
94,CVE-2019-18935,primary_impact,T1222
94,CVE-2019-18935,primary_impact,T1562
95,CVE-2021-26855,primary_impact,T1499
95,CVE-2021-26855,primary_impact,T1632
95,CVE-2021-26855,primary_impact,T1005
95,CVE-2021-26855,primary_impact,T1059
95,CVE-2021-26855,primary_impact,T1552
95,CVE-2021-26855,primary_impact,T1562
96,CVE-2024-38112,primary_impact,
97,CVE-2024-20399,primary_impact,T1499
97,CVE-2024-20399,primary_impact,T1632
97,CVE-2024-20399,primary_impact,T1005
97,CVE-2024-20399,primary_impact,T1059
97,CVE-2024-20399,primary_impact,T1574
97,CVE-2024-20399,primary_impact,T1529
97,CVE-2024-20399,primary_impact,T1485
97,CVE-2024-20399,primary_impact,T1565
97,CVE-2024-20399,primary_impact,T1098
97,CVE-2024-20399,primary_impact,T1222
97,CVE-2024-20399,primary_impact,T1562
98,CVE-2022-35914,primary_impact,T1499
98,CVE-2022-35914,primary_impact,T1632
98,CVE-2022-35914,primary_impact,T1005
98,CVE-2022-35914,primary_impact,T1505
98,CVE-2022-35914,primary_impact,T1059
98,CVE-2022-35914,primary_impact,T1574
98,CVE-2022-35914,primary_impact,T1552
98,CVE-2022-35914,primary_impact,T1529
98,CVE-2022-35914,primary_impact,T1136
98,CVE-2022-35914,primary_impact,T1485
98,CVE-2022-35914,primary_impact,T1565
98,CVE-2022-35914,primary_impact,T1098
98,CVE-2022-35914,primary_impact,T1222
98,CVE-2022-35914,primary_impact,T1562
99,CVE-2024-20359,primary_impact,T1499
99,CVE-2024-20359,primary_impact,T1632
99,CVE-2024-20359,primary_impact,T1005
99,CVE-2024-20359,primary_impact,T1505
99,CVE-2024-20359,primary_impact,T1574
99,CVE-2024-20359,primary_impact,T1552
99,CVE-2024-20359,primary_impact,T1529
99,CVE-2024-20359,primary_impact,T1485
99,CVE-2024-20359,primary_impact,T1565
99,CVE-2024-20359,primary_impact,T1222
99,CVE-2024-20359,primary_impact,T1562
100,CVE-2016-4437,primary_impact,T1499
100,CVE-2016-4437,primary_impact,T1632
100,CVE-2016-4437,primary_impact,T1005
100,CVE-2016-4437,primary_impact,T1505
100,CVE-2016-4437,primary_impact,T1552
100,CVE-2016-4437,primary_impact,T1098
100,CVE-2016-4437,primary_impact,T1222
100,CVE-2016-4437,primary_impact,T1562
101,CVE-2019-11580,primary_impact,T1499
101,CVE-2019-11580,primary_impact,T1632
101,CVE-2019-11580,primary_impact,T1005
101,CVE-2019-11580,primary_impact,T1505
101,CVE-2019-11580,primary_impact,T1059
101,CVE-2019-11580,primary_impact,T1574
101,CVE-2019-11580,primary_impact,T1552
101,CVE-2019-11580,primary_impact,T1529
101,CVE-2019-11580,primary_impact,T1485
101,CVE-2019-11580,primary_impact,T1565
101,CVE-2019-11580,primary_impact,T1098
101,CVE-2019-11580,primary_impact,T1222
101,CVE-2019-11580,primary_impact,T1562
102,CVE-2021-40449,primary_impact,T1499
102,CVE-2021-40449,primary_impact,T1632
102,CVE-2021-40449,primary_impact,T1005
102,CVE-2021-40449,primary_impact,T1552
102,CVE-2021-40449,primary_impact,T1222
102,CVE-2021-40449,primary_impact,T1562
103,CVE-2023-35081,primary_impact,T1632
103,CVE-2023-35081,primary_impact,T1005
103,CVE-2023-35081,primary_impact,T1505
103,CVE-2023-35081,primary_impact,T1552
103,CVE-2023-35081,primary_impact,T1485
103,CVE-2023-35081,primary_impact,T1565
103,CVE-2023-35081,primary_impact,T1098
103,CVE-2023-35081,primary_impact,T1222
103,CVE-2023-35081,primary_impact,T1562
104,CVE-2018-13379,primary_impact,T1499
104,CVE-2018-13379,primary_impact,T1632
104,CVE-2018-13379,primary_impact,T1005
104,CVE-2018-13379,primary_impact,T1552
104,CVE-2018-13379,primary_impact,T1562
105,CVE-2023-38205,primary_impact,T1499
105,CVE-2023-38205,primary_impact,T1632
105,CVE-2023-38205,primary_impact,T1005
105,CVE-2023-38205,primary_impact,T1505
105,CVE-2023-38205,primary_impact,T1552
105,CVE-2023-38205,primary_impact,T1136
105,CVE-2023-38205,primary_impact,T1098
105,CVE-2023-38205,primary_impact,T1222
105,CVE-2023-38205,primary_impact,T1562
106,CVE-2023-47565,primary_impact,T1632
106,CVE-2023-47565,primary_impact,T1005
106,CVE-2023-47565,primary_impact,T1059
106,CVE-2023-47565,primary_impact,T1552
106,CVE-2023-47565,primary_impact,T1529
106,CVE-2023-47565,primary_impact,T1485
106,CVE-2023-47565,primary_impact,T1565
106,CVE-2023-47565,primary_impact,T1098
106,CVE-2023-47565,primary_impact,T1222
106,CVE-2023-47565,primary_impact,T1562
107,CVE-2020-25506,primary_impact,T1499
107,CVE-2020-25506,primary_impact,T1632
107,CVE-2020-25506,primary_impact,T1005
107,CVE-2020-25506,primary_impact,T1505
107,CVE-2020-25506,primary_impact,T1059
107,CVE-2020-25506,primary_impact,T1574
107,CVE-2020-25506,primary_impact,T1552
107,CVE-2020-25506,primary_impact,T1529
107,CVE-2020-25506,primary_impact,T1136
107,CVE-2020-25506,primary_impact,T1485
107,CVE-2020-25506,primary_impact,T1565
107,CVE-2020-25506,primary_impact,T1098
107,CVE-2020-25506,primary_impact,T1222
107,CVE-2020-25506,primary_impact,T1562
108,CVE-2021-26858,primary_impact,T1499
108,CVE-2021-26858,primary_impact,T1632
108,CVE-2021-26858,primary_impact,T1005
108,CVE-2021-26858,primary_impact,T1059
108,CVE-2021-26858,primary_impact,T1552
108,CVE-2021-26858,primary_impact,T1222
108,CVE-2021-26858,primary_impact,T1562
109,CVE-2021-39226,primary_impact,T1005
109,CVE-2021-39226,primary_impact,T1485
110,CVE-2024-26169,primary_impact,T1222
111,CVE-2022-34713,primary_impact,T1632
111,CVE-2022-34713,primary_impact,T1059
111,CVE-2022-34713,primary_impact,T1552
111,CVE-2022-34713,primary_impact,T1222
111,CVE-2022-34713,primary_impact,T1562
112,CVE-2023-40044,primary_impact,T1499
112,CVE-2023-40044,primary_impact,T1632
112,CVE-2023-40044,primary_impact,T1005
112,CVE-2023-40044,primary_impact,T1505
112,CVE-2023-40044,primary_impact,T1059
112,CVE-2023-40044,primary_impact,T1552
112,CVE-2023-40044,primary_impact,T1529
112,CVE-2023-40044,primary_impact,T1136
112,CVE-2023-40044,primary_impact,T1485
112,CVE-2023-40044,primary_impact,T1565
112,CVE-2023-40044,primary_impact,T1098
112,CVE-2023-40044,primary_impact,T1222
112,CVE-2023-40044,primary_impact,T1562
113,CVE-2023-22952,primary_impact,T1499
113,CVE-2023-22952,primary_impact,T1632
113,CVE-2023-22952,primary_impact,T1005
113,CVE-2023-22952,primary_impact,T1505
113,CVE-2023-22952,primary_impact,T1059
113,CVE-2023-22952,primary_impact,T1574
113,CVE-2023-22952,primary_impact,T1552
113,CVE-2023-22952,primary_impact,T1136
113,CVE-2023-22952,primary_impact,T1565
113,CVE-2023-22952,primary_impact,T1098
113,CVE-2023-22952,primary_impact,T1562
114,CVE-2023-29300,primary_impact,T1499
114,CVE-2023-29300,primary_impact,T1632
114,CVE-2023-29300,primary_impact,T1005
114,CVE-2023-29300,primary_impact,T1505
114,CVE-2023-29300,primary_impact,T1059
114,CVE-2023-29300,primary_impact,T1574
114,CVE-2023-29300,primary_impact,T1552
114,CVE-2023-29300,primary_impact,T1529
114,CVE-2023-29300,primary_impact,T1136
114,CVE-2023-29300,primary_impact,T1565
114,CVE-2023-29300,primary_impact,T1098
114,CVE-2023-29300,primary_impact,T1222
114,CVE-2023-29300,primary_impact,T1562
115,CVE-2022-41125,primary_impact,T1499
115,CVE-2022-41125,primary_impact,T1632
115,CVE-2022-41125,primary_impact,T1005
115,CVE-2022-41125,primary_impact,T1222
115,CVE-2022-41125,primary_impact,T1562
116,CVE-2022-21999,primary_impact,T1499
116,CVE-2022-21999,primary_impact,T1632
116,CVE-2022-21999,primary_impact,T1005
116,CVE-2022-21999,primary_impact,T1222
116,CVE-2022-21999,primary_impact,T1562
117,CVE-2022-41082,primary_impact,T1499
117,CVE-2022-41082,primary_impact,T1632
117,CVE-2022-41082,primary_impact,T1005
117,CVE-2022-41082,primary_impact,T1059
117,CVE-2022-41082,primary_impact,T1552
117,CVE-2022-41082,primary_impact,T1222
117,CVE-2022-41082,primary_impact,T1562
118,CVE-2010-2861,primary_impact,T1552
118,CVE-2010-2861,primary_impact,T1499
118,CVE-2010-2861,primary_impact,T1005
119,CVE-2017-11882,primary_impact,T1499
119,CVE-2017-11882,primary_impact,T1632
119,CVE-2017-11882,primary_impact,T1005
119,CVE-2017-11882,primary_impact,T1059
119,CVE-2017-11882,primary_impact,T1574
119,CVE-2017-11882,primary_impact,T1552
119,CVE-2017-11882,primary_impact,T1565
119,CVE-2017-11882,primary_impact,T1222
119,CVE-2017-11882,primary_impact,T1562
120,CVE-2017-5638,primary_impact,T1499
120,CVE-2017-5638,primary_impact,T1632
120,CVE-2017-5638,primary_impact,T1005
120,CVE-2017-5638,primary_impact,T1505
120,CVE-2017-5638,primary_impact,T1552
120,CVE-2017-5638,primary_impact,T1485
120,CVE-2017-5638,primary_impact,T1565
120,CVE-2017-5638,primary_impact,T1098
120,CVE-2017-5638,primary_impact,T1222
120,CVE-2017-5638,primary_impact,T1562
121,CVE-2023-22527,primary_impact,T1499
121,CVE-2023-22527,primary_impact,T1632
121,CVE-2023-22527,primary_impact,T1005
121,CVE-2023-22527,primary_impact,T1059
121,CVE-2023-22527,primary_impact,T1552
121,CVE-2023-22527,primary_impact,T1529
121,CVE-2023-22527,primary_impact,T1565
121,CVE-2023-22527,primary_impact,T1222
121,CVE-2023-22527,primary_impact,T1562
122,CVE-2024-5217,primary_impact,T1499
122,CVE-2024-5217,primary_impact,T1632
122,CVE-2024-5217,primary_impact,T1005
122,CVE-2024-5217,primary_impact,T1505
122,CVE-2024-5217,primary_impact,T1059
122,CVE-2024-5217,primary_impact,T1574
122,CVE-2024-5217,primary_impact,T1552
122,CVE-2024-5217,primary_impact,T1136
122,CVE-2024-5217,primary_impact,T1098
122,CVE-2024-5217,primary_impact,T1222
122,CVE-2024-5217,primary_impact,T1562
123,CVE-2022-20821,primary_impact,T1499
123,CVE-2022-20821,primary_impact,T1632
123,CVE-2022-20821,primary_impact,T1005
123,CVE-2022-20821,primary_impact,T1574
123,CVE-2022-20821,primary_impact,T1552
123,CVE-2022-20821,primary_impact,T1485
123,CVE-2022-20821,primary_impact,T1565
123,CVE-2022-20821,primary_impact,T1222
123,CVE-2022-20821,primary_impact,T1505
124,CVE-2024-23692,primary_impact,T1499
124,CVE-2024-23692,primary_impact,T1632
124,CVE-2024-23692,primary_impact,T1005
124,CVE-2024-23692,primary_impact,T1505
124,CVE-2024-23692,primary_impact,T1059
124,CVE-2024-23692,primary_impact,T1552
124,CVE-2024-23692,primary_impact,T1529
124,CVE-2024-23692,primary_impact,T1136
124,CVE-2024-23692,primary_impact,T1485
124,CVE-2024-23692,primary_impact,T1098
124,CVE-2024-23692,primary_impact,T1222
124,CVE-2024-23692,primary_impact,T1562
125,CVE-2014-7169,primary_impact,T1499
125,CVE-2014-7169,primary_impact,T1632
125,CVE-2014-7169,primary_impact,T1005
125,CVE-2014-7169,primary_impact,T1505
125,CVE-2014-7169,primary_impact,T1059
125,CVE-2014-7169,primary_impact,T1574
125,CVE-2014-7169,primary_impact,T1552
125,CVE-2014-7169,primary_impact,T1485
125,CVE-2014-7169,primary_impact,T1565
125,CVE-2014-7169,primary_impact,T1222
125,CVE-2014-7169,primary_impact,T1562
126,CVE-2021-21975,primary_impact,T1632
126,CVE-2021-21975,primary_impact,T1005
126,CVE-2021-21975,primary_impact,T1552
126,CVE-2021-21975,primary_impact,T1098
126,CVE-2021-21975,primary_impact,T1090
127,CVE-2023-7101,primary_impact,T1499
127,CVE-2023-7101,primary_impact,T1632
127,CVE-2023-7101,primary_impact,T1005
127,CVE-2023-7101,primary_impact,T1059
127,CVE-2023-7101,primary_impact,T1552
127,CVE-2023-7101,primary_impact,T1222
127,CVE-2023-7101,primary_impact,T1505
128,CVE-2021-26857,primary_impact,T1499
128,CVE-2021-26857,primary_impact,T1632
128,CVE-2021-26857,primary_impact,T1005
128,CVE-2021-26857,primary_impact,T1059
128,CVE-2021-26857,primary_impact,T1552
128,CVE-2021-26857,primary_impact,T1562
129,CVE-2023-35078,primary_impact,T1499
129,CVE-2023-35078,primary_impact,T1632
129,CVE-2023-35078,primary_impact,T1005
129,CVE-2023-35078,primary_impact,T1505
129,CVE-2023-35078,primary_impact,T1552
129,CVE-2023-35078,primary_impact,T1529
129,CVE-2023-35078,primary_impact,T1136
129,CVE-2023-35078,primary_impact,T1485
129,CVE-2023-35078,primary_impact,T1565
129,CVE-2023-35078,primary_impact,T1098
129,CVE-2023-35078,primary_impact,T1190
129,CVE-2023-35078,primary_impact,T1222
129,CVE-2023-35078,primary_impact,T1562
130,CVE-2023-26369,primary_impact,T1574
130,CVE-2023-26369,primary_impact,T1499
130,CVE-2023-26369,primary_impact,T1005
130,CVE-2023-26369,primary_impact,T1059
131,CVE-2015-3113,primary_impact,T1499
131,CVE-2015-3113,primary_impact,T1005
131,CVE-2015-3113,primary_impact,T1574
131,CVE-2015-3113,primary_impact,T1552
131,CVE-2015-3113,primary_impact,T1222
131,CVE-2015-3113,primary_impact,T1562
132,CVE-2021-44228,primary_impact,T1499
132,CVE-2021-44228,primary_impact,T1632
132,CVE-2021-44228,primary_impact,T1005
132,CVE-2021-44228,primary_impact,T1059
132,CVE-2021-44228,primary_impact,T1552
132,CVE-2021-44228,primary_impact,T1562
133,CVE-2021-21973,primary_impact,T1552
133,CVE-2021-21973,primary_impact,T1005
133,CVE-2021-21973,primary_impact,T1090
134,CVE-2023-34362,primary_impact,T1499
134,CVE-2023-34362,primary_impact,T1632
134,CVE-2023-34362,primary_impact,T1005
134,CVE-2023-34362,primary_impact,T1059
134,CVE-2023-34362,primary_impact,T1552
134,CVE-2023-34362,primary_impact,T1136
134,CVE-2023-34362,primary_impact,T1485
134,CVE-2023-34362,primary_impact,T1565
134,CVE-2023-34362,primary_impact,T1098
134,CVE-2023-34362,primary_impact,T1222
134,CVE-2023-34362,primary_impact,T1562
135,CVE-2024-4947,primary_impact,T1499
135,CVE-2024-4947,primary_impact,T1005
135,CVE-2024-4947,primary_impact,T1059
135,CVE-2024-4947,primary_impact,T1574
135,CVE-2024-4947,primary_impact,T1552
135,CVE-2024-4947,primary_impact,T1562
136,CVE-2022-37969,primary_impact,T1499
136,CVE-2022-37969,primary_impact,T1632
136,CVE-2022-37969,primary_impact,T1005
136,CVE-2022-37969,primary_impact,T1222
136,CVE-2022-37969,primary_impact,T1562
137,CVE-2020-8193,primary_impact,T1499
137,CVE-2020-8193,primary_impact,T1632
137,CVE-2020-8193,primary_impact,T1005
137,CVE-2020-8193,primary_impact,T1505
137,CVE-2020-8193,primary_impact,T1552
137,CVE-2020-8193,primary_impact,T1529
137,CVE-2020-8193,primary_impact,T1136
137,CVE-2020-8193,primary_impact,T1098
137,CVE-2020-8193,primary_impact,T1222
137,CVE-2020-8193,primary_impact,T1562
138,CVE-2020-17530,primary_impact,T1499
138,CVE-2020-17530,primary_impact,T1632
138,CVE-2020-17530,primary_impact,T1005
138,CVE-2020-17530,primary_impact,T1505
138,CVE-2020-17530,primary_impact,T1059
138,CVE-2020-17530,primary_impact,T1552
138,CVE-2020-17530,primary_impact,T1529
138,CVE-2020-17530,primary_impact,T1136
138,CVE-2020-17530,primary_impact,T1565
138,CVE-2020-17530,primary_impact,T1098
138,CVE-2020-17530,primary_impact,T1222
138,CVE-2020-17530,primary_impact,T1562
139,CVE-2017-9822,primary_impact,T1499
139,CVE-2017-9822,primary_impact,T1632
139,CVE-2017-9822,primary_impact,T1005
139,CVE-2017-9822,primary_impact,T1505
139,CVE-2017-9822,primary_impact,T1059
139,CVE-2017-9822,primary_impact,T1574
139,CVE-2017-9822,primary_impact,T1552
139,CVE-2017-9822,primary_impact,T1529
139,CVE-2017-9822,primary_impact,T1136
139,CVE-2017-9822,primary_impact,T1485
139,CVE-2017-9822,primary_impact,T1565
139,CVE-2017-9822,primary_impact,T1098
139,CVE-2017-9822,primary_impact,T1222
139,CVE-2017-9822,primary_impact,T1562
140,CVE-2019-5591,primary_impact,T1552
140,CVE-2019-5591,primary_impact,T1005
141,CVE-2022-3038,primary_impact,T1574
141,CVE-2022-3038,primary_impact,T1499
141,CVE-2022-3038,primary_impact,T1005
142,CVE-2023-26359,primary_impact,T1499
142,CVE-2023-26359,primary_impact,T1632
142,CVE-2023-26359,primary_impact,T1005
142,CVE-2023-26359,primary_impact,T1505
142,CVE-2023-26359,primary_impact,T1059
142,CVE-2023-26359,primary_impact,T1574
142,CVE-2023-26359,primary_impact,T1552
142,CVE-2023-26359,primary_impact,T1529
142,CVE-2023-26359,primary_impact,T1136
142,CVE-2023-26359,primary_impact,T1485
142,CVE-2023-26359,primary_impact,T1565
142,CVE-2023-26359,primary_impact,T1098
142,CVE-2023-26359,primary_impact,T1222
142,CVE-2023-26359,primary_impact,T1562
143,CVE-2018-4990,primary_impact,T1499
143,CVE-2018-4990,primary_impact,T1632
143,CVE-2018-4990,primary_impact,T1005
143,CVE-2018-4990,primary_impact,T1574
143,CVE-2018-4990,primary_impact,T1552
143,CVE-2018-4990,primary_impact,T1485
143,CVE-2018-4990,primary_impact,T1222
143,CVE-2018-4990,primary_impact,T1562
144,CVE-2022-24682,primary_impact,T1552
144,CVE-2022-24682,primary_impact,T1499
144,CVE-2022-24682,primary_impact,T1005
144,CVE-2022-24682,primary_impact,T1059
145,CVE-2019-0211,primary_impact,T1499
145,CVE-2019-0211,primary_impact,T1632
145,CVE-2019-0211,primary_impact,T1005
145,CVE-2019-0211,primary_impact,T1505
145,CVE-2019-0211,primary_impact,T1574
145,CVE-2019-0211,primary_impact,T1552
145,CVE-2019-0211,primary_impact,T1529
145,CVE-2019-0211,primary_impact,T1136
145,CVE-2019-0211,primary_impact,T1485
145,CVE-2019-0211,primary_impact,T1565
145,CVE-2019-0211,primary_impact,T1098
145,CVE-2019-0211,primary_impact,T1222
145,CVE-2019-0211,primary_impact,T1562
146,CVE-2021-31207,primary_impact,T1632
146,CVE-2021-31207,primary_impact,T1098
146,CVE-2021-31207,primary_impact,T1552
146,CVE-2021-31207,primary_impact,T1562
147,CVE-2024-4978,primary_impact,T1632
147,CVE-2024-4978,primary_impact,T1005
147,CVE-2024-4978,primary_impact,T1059
147,CVE-2024-4978,primary_impact,T1552
147,CVE-2024-4978,primary_impact,T1222
147,CVE-2024-4978,primary_impact,T1562
148,CVE-2021-37415,primary_impact,T1499
148,CVE-2021-37415,primary_impact,T1632
148,CVE-2021-37415,primary_impact,T1005
148,CVE-2021-37415,primary_impact,T1505
148,CVE-2021-37415,primary_impact,T1552
148,CVE-2021-37415,primary_impact,T1136
148,CVE-2021-37415,primary_impact,T1098
148,CVE-2021-37415,primary_impact,T1190
148,CVE-2021-37415,primary_impact,T1222
148,CVE-2021-37415,primary_impact,T1562
149,CVE-2019-19781,primary_impact,T1632
149,CVE-2019-19781,primary_impact,T1005
149,CVE-2019-19781,primary_impact,T1552
149,CVE-2019-19781,primary_impact,T1505
150,CVE-2012-2034,primary_impact,T1499
150,CVE-2012-2034,primary_impact,T1632
150,CVE-2012-2034,primary_impact,T1005
150,CVE-2012-2034,primary_impact,T1574
150,CVE-2012-2034,primary_impact,T1552
150,CVE-2012-2034,primary_impact,T1529
150,CVE-2012-2034,primary_impact,T1222
150,CVE-2012-2034,primary_impact,T1562
151,CVE-2021-41379,primary_impact,T1632
151,CVE-2021-41379,primary_impact,T1222
152,CVE-2023-21715,primary_impact,
153,CVE-2020-1472,primary_impact,T1499
153,CVE-2020-1472,primary_impact,T1632
153,CVE-2020-1472,primary_impact,T1005
153,CVE-2020-1472,primary_impact,T1552
153,CVE-2020-1472,primary_impact,T1529
153,CVE-2020-1472,primary_impact,T1136
153,CVE-2020-1472,primary_impact,T1098
153,CVE-2020-1472,primary_impact,T1222
153,CVE-2020-1472,primary_impact,T1562
154,CVE-2022-22963,primary_impact,T1499
154,CVE-2022-22963,primary_impact,T1632
154,CVE-2022-22963,primary_impact,T1005
154,CVE-2022-22963,primary_impact,T1505
154,CVE-2022-22963,primary_impact,T1059
154,CVE-2022-22963,primary_impact,T1574
154,CVE-2022-22963,primary_impact,T1552
154,CVE-2022-22963,primary_impact,T1529
154,CVE-2022-22963,primary_impact,T1136
154,CVE-2022-22963,primary_impact,T1485
154,CVE-2022-22963,primary_impact,T1565
154,CVE-2022-22963,primary_impact,T1098
154,CVE-2022-22963,primary_impact,T1222
154,CVE-2022-22963,primary_impact,T1562
155,CVE-2024-27198,primary_impact,T1632
155,CVE-2024-27198,primary_impact,T1005
155,CVE-2024-27198,primary_impact,T1505
155,CVE-2024-27198,primary_impact,T1552
155,CVE-2024-27198,primary_impact,T1529
155,CVE-2024-27198,primary_impact,T1136
155,CVE-2024-27198,primary_impact,T1485
155,CVE-2024-27198,primary_impact,T1565
155,CVE-2024-27198,primary_impact,T1098
155,CVE-2024-27198,primary_impact,T1190
155,CVE-2024-27198,primary_impact,T1222
155,CVE-2024-27198,primary_impact,T1562
156,CVE-2018-0296,primary_impact,T1552
156,CVE-2018-0296,primary_impact,T1529
156,CVE-2018-0296,primary_impact,T1005
157,CVE-2023-36845,primary_impact,T1499
157,CVE-2023-36845,primary_impact,T1632
157,CVE-2023-36845,primary_impact,T1005
157,CVE-2023-36845,primary_impact,T1505
157,CVE-2023-36845,primary_impact,T1059
157,CVE-2023-36845,primary_impact,T1574
157,CVE-2023-36845,primary_impact,T1552
157,CVE-2023-36845,primary_impact,T1529
157,CVE-2023-36845,primary_impact,T1136
157,CVE-2023-36845,primary_impact,T1485
157,CVE-2023-36845,primary_impact,T1565
157,CVE-2023-36845,primary_impact,T1098
157,CVE-2023-36845,primary_impact,T1222
157,CVE-2023-36845,primary_impact,T1562
158,CVE-2023-44487,primary_impact,T1499
158,CVE-2023-44487,primary_impact,T1529
159,CVE-2019-11510,primary_impact,T1552
159,CVE-2019-11510,primary_impact,T1499
159,CVE-2019-11510,primary_impact,T1005
160,CVE-2023-32315,primary_impact,T1499
160,CVE-2023-32315,primary_impact,T1632
160,CVE-2023-32315,primary_impact,T1005
160,CVE-2023-32315,primary_impact,T1552
160,CVE-2023-32315,primary_impact,T1136
160,CVE-2023-32315,primary_impact,T1485
160,CVE-2023-32315,primary_impact,T1098
160,CVE-2023-32315,primary_impact,T1222
160,CVE-2023-32315,primary_impact,T1562
161,CVE-2023-7024,primary_impact,T1574
161,CVE-2023-7024,primary_impact,T1499
161,CVE-2023-7024,primary_impact,T1005
161,CVE-2023-7024,primary_impact,T1562
162,CVE-2022-41033,primary_impact,T1632
162,CVE-2022-41033,primary_impact,T1222
162,CVE-2022-41033,primary_impact,T1562
163,CVE-2021-22899,primary_impact,T1499
163,CVE-2021-22899,primary_impact,T1632
163,CVE-2021-22899,primary_impact,T1005
163,CVE-2021-22899,primary_impact,T1505
163,CVE-2021-22899,primary_impact,T1059
163,CVE-2021-22899,primary_impact,T1574
163,CVE-2021-22899,primary_impact,T1552
163,CVE-2021-22899,primary_impact,T1529
163,CVE-2021-22899,primary_impact,T1485
163,CVE-2021-22899,primary_impact,T1565
163,CVE-2021-22899,primary_impact,T1098
163,CVE-2021-22899,primary_impact,T1222
163,CVE-2021-22899,primary_impact,T1562
164,CVE-2021-30554,primary_impact,T1574
164,CVE-2021-30554,primary_impact,T1499
164,CVE-2021-30554,primary_impact,T1005
164,CVE-2021-30554,primary_impact,T1552
165,CVE-2022-22960,primary_impact,T1499
165,CVE-2022-22960,primary_impact,T1632
165,CVE-2022-22960,primary_impact,T1005
165,CVE-2022-22960,primary_impact,T1505
165,CVE-2022-22960,primary_impact,T1574
165,CVE-2022-22960,primary_impact,T1552
165,CVE-2022-22960,primary_impact,T1529
165,CVE-2022-22960,primary_impact,T1136
165,CVE-2022-22960,primary_impact,T1485
165,CVE-2022-22960,primary_impact,T1565
165,CVE-2022-22960,primary_impact,T1098
165,CVE-2022-22960,primary_impact,T1222
165,CVE-2022-22960,primary_impact,T1562
166,CVE-2019-3396,primary_impact,T1499
166,CVE-2019-3396,primary_impact,T1632
166,CVE-2019-3396,primary_impact,T1005
166,CVE-2019-3396,primary_impact,T1505
166,CVE-2019-3396,primary_impact,T1574
166,CVE-2019-3396,primary_impact,T1552
166,CVE-2019-3396,primary_impact,T1529
166,CVE-2019-3396,primary_impact,T1565
166,CVE-2019-3396,primary_impact,T1098
166,CVE-2019-3396,primary_impact,T1222
166,CVE-2019-3396,primary_impact,T1562
167,CVE-2023-43770,primary_impact,T1059
168,CVE-2023-1389,primary_impact,T1499
168,CVE-2023-1389,primary_impact,T1632
168,CVE-2023-1389,primary_impact,T1005
168,CVE-2023-1389,primary_impact,T1505
168,CVE-2023-1389,primary_impact,T1059
168,CVE-2023-1389,primary_impact,T1574
168,CVE-2023-1389,primary_impact,T1552
168,CVE-2023-1389,primary_impact,T1529
168,CVE-2023-1389,primary_impact,T1136
168,CVE-2023-1389,primary_impact,T1485
168,CVE-2023-1389,primary_impact,T1565
168,CVE-2023-1389,primary_impact,T1098
168,CVE-2023-1389,primary_impact,T1222
168,CVE-2023-1389,primary_impact,T1562
169,CVE-2021-35394,primary_impact,T1499
169,CVE-2021-35394,primary_impact,T1632
169,CVE-2021-35394,primary_impact,T1005
169,CVE-2021-35394,primary_impact,T1505
169,CVE-2021-35394,primary_impact,T1059
169,CVE-2021-35394,primary_impact,T1574
169,CVE-2021-35394,primary_impact,T1552
169,CVE-2021-35394,primary_impact,T1529
169,CVE-2021-35394,primary_impact,T1136
169,CVE-2021-35394,primary_impact,T1485
169,CVE-2021-35394,primary_impact,T1565
169,CVE-2021-35394,primary_impact,T1098
169,CVE-2021-35394,primary_impact,T1222
169,CVE-2021-35394,primary_impact,T1562
170,CVE-2021-22893,primary_impact,T1499
170,CVE-2021-22893,primary_impact,T1632
170,CVE-2021-22893,primary_impact,T1005
170,CVE-2021-22893,primary_impact,T1505
170,CVE-2021-22893,primary_impact,T1574
170,CVE-2021-22893,primary_impact,T1552
170,CVE-2021-22893,primary_impact,T1529
170,CVE-2021-22893,primary_impact,T1136
170,CVE-2021-22893,primary_impact,T1485
170,CVE-2021-22893,primary_impact,T1565
170,CVE-2021-22893,primary_impact,T1098
170,CVE-2021-22893,primary_impact,T1190
170,CVE-2021-22893,primary_impact,T1222
170,CVE-2021-22893,primary_impact,T1562
171,CVE-2024-4358,primary_impact,T1499
171,CVE-2024-4358,primary_impact,T1632
171,CVE-2024-4358,primary_impact,T1005
171,CVE-2024-4358,primary_impact,T1505
171,CVE-2024-4358,primary_impact,T1552
171,CVE-2024-4358,primary_impact,T1529
171,CVE-2024-4358,primary_impact,T1136
171,CVE-2024-4358,primary_impact,T1485
171,CVE-2024-4358,primary_impact,T1565
171,CVE-2024-4358,primary_impact,T1098
171,CVE-2024-4358,primary_impact,T1190
171,CVE-2024-4358,primary_impact,T1222
171,CVE-2024-4358,primary_impact,T1562
172,CVE-2015-0313,primary_impact,T1499
172,CVE-2015-0313,primary_impact,T1632
172,CVE-2015-0313,primary_impact,T1005
172,CVE-2015-0313,primary_impact,T1574
172,CVE-2015-0313,primary_impact,T1552
172,CVE-2015-0313,primary_impact,T1222
172,CVE-2015-0313,primary_impact,T1562
173,CVE-2023-20273,primary_impact,T1499
173,CVE-2023-20273,primary_impact,T1632
173,CVE-2023-20273,primary_impact,T1005
173,CVE-2023-20273,primary_impact,T1505
173,CVE-2023-20273,primary_impact,T1059
173,CVE-2023-20273,primary_impact,T1574
173,CVE-2023-20273,primary_impact,T1552
173,CVE-2023-20273,primary_impact,T1529
173,CVE-2023-20273,primary_impact,T1136
173,CVE-2023-20273,primary_impact,T1485
173,CVE-2023-20273,primary_impact,T1565
173,CVE-2023-20273,primary_impact,T1098
173,CVE-2023-20273,primary_impact,T1222
173,CVE-2023-20273,primary_impact,T1562
174,CVE-2021-40655,primary_impact,T1499
174,CVE-2021-40655,primary_impact,T1632
174,CVE-2021-40655,primary_impact,T1005
174,CVE-2021-40655,primary_impact,T1552
174,CVE-2021-40655,primary_impact,T1098
174,CVE-2021-40655,primary_impact,T1222
174,CVE-2021-40655,primary_impact,T1562
175,CVE-2021-22005,primary_impact,T1499
175,CVE-2021-22005,primary_impact,T1632
175,CVE-2021-22005,primary_impact,T1005
175,CVE-2021-22005,primary_impact,T1505
175,CVE-2021-22005,primary_impact,T1574
175,CVE-2021-22005,primary_impact,T1552
175,CVE-2021-22005,primary_impact,T1562
176,CVE-2024-4671,primary_impact,T1499
176,CVE-2024-4671,primary_impact,T1005
176,CVE-2024-4671,primary_impact,T1574
176,CVE-2024-4671,primary_impact,T1552
176,CVE-2024-4671,primary_impact,T1222
177,CVE-2023-21674,primary_impact,T1499
177,CVE-2023-21674,primary_impact,T1632
177,CVE-2023-21674,primary_impact,T1005
177,CVE-2023-21674,primary_impact,T1222
177,CVE-2023-21674,primary_impact,T1562
178,CVE-2015-3043,primary_impact,T1499
178,CVE-2015-3043,primary_impact,T1632
178,CVE-2015-3043,primary_impact,T1005
178,CVE-2015-3043,primary_impact,T1059
178,CVE-2015-3043,primary_impact,T1574
178,CVE-2015-3043,primary_impact,T1552
178,CVE-2015-3043,primary_impact,T1529
178,CVE-2015-3043,primary_impact,T1562
179,CVE-2011-2462,primary_impact,T1499
179,CVE-2011-2462,primary_impact,T1632
179,CVE-2011-2462,primary_impact,T1005
179,CVE-2011-2462,primary_impact,T1505
179,CVE-2011-2462,primary_impact,T1574
179,CVE-2011-2462,primary_impact,T1552
179,CVE-2011-2462,primary_impact,T1562
180,CVE-2021-41773,primary_impact,T1499
180,CVE-2021-41773,primary_impact,T1632
180,CVE-2021-41773,primary_impact,T1005
180,CVE-2021-41773,primary_impact,T1505
180,CVE-2021-41773,primary_impact,T1574
180,CVE-2021-41773,primary_impact,T1552
180,CVE-2021-41773,primary_impact,T1529
180,CVE-2021-41773,primary_impact,T1485
180,CVE-2021-41773,primary_impact,T1565
180,CVE-2021-41773,primary_impact,T1098
180,CVE-2021-41773,primary_impact,T1222
180,CVE-2021-41773,primary_impact,T1562
181,CVE-2018-7600,primary_impact,T1499
181,CVE-2018-7600,primary_impact,T1632
181,CVE-2018-7600,primary_impact,T1005
181,CVE-2018-7600,primary_impact,T1505
181,CVE-2018-7600,primary_impact,T1059
181,CVE-2018-7600,primary_impact,T1574
181,CVE-2018-7600,primary_impact,T1552
181,CVE-2018-7600,primary_impact,T1529
181,CVE-2018-7600,primary_impact,T1136
181,CVE-2018-7600,primary_impact,T1485
181,CVE-2018-7600,primary_impact,T1565
181,CVE-2018-7600,primary_impact,T1098
181,CVE-2018-7600,primary_impact,T1222
181,CVE-2018-7600,primary_impact,T1562
182,CVE-2022-36804,primary_impact,T1499
182,CVE-2022-36804,primary_impact,T1632
182,CVE-2022-36804,primary_impact,T1005
182,CVE-2022-36804,primary_impact,T1505
182,CVE-2022-36804,primary_impact,T1059
182,CVE-2022-36804,primary_impact,T1574
182,CVE-2022-36804,primary_impact,T1552
182,CVE-2022-36804,primary_impact,T1562
183,CVE-2020-8657,primary_impact,T1632
183,CVE-2020-8657,primary_impact,T1005
183,CVE-2020-8657,primary_impact,T1505
183,CVE-2020-8657,primary_impact,T1078
183,CVE-2020-8657,primary_impact,T1552
183,CVE-2020-8657,primary_impact,T1529
183,CVE-2020-8657,primary_impact,T1136
183,CVE-2020-8657,primary_impact,T1485
183,CVE-2020-8657,primary_impact,T1565
183,CVE-2020-8657,primary_impact,T1098
183,CVE-2020-8657,primary_impact,T1222
183,CVE-2020-8657,primary_impact,T1562
184,CVE-2008-0655,primary_impact,T1499
184,CVE-2008-0655,primary_impact,T1005
185,CVE-2019-1653,primary_impact,T1632
185,CVE-2019-1653,primary_impact,T1005
185,CVE-2019-1653,primary_impact,T1552
186,CVE-2021-44168,primary_impact,T1552
186,CVE-2021-44168,primary_impact,T1005
187,CVE-2019-13608,primary_impact,T1499
187,CVE-2019-13608,primary_impact,T1632
187,CVE-2019-13608,primary_impact,T1005
187,CVE-2019-13608,primary_impact,T1059
187,CVE-2019-13608,primary_impact,T1552
188,CVE-2023-36847,primary_impact,T1632
188,CVE-2023-36847,primary_impact,T1005
188,CVE-2023-36847,primary_impact,T1565
188,CVE-2023-36847,primary_impact,T1505
189,CVE-2019-0604,primary_impact,T1499
189,CVE-2019-0604,primary_impact,T1632
189,CVE-2019-0604,primary_impact,T1005
189,CVE-2019-0604,primary_impact,T1059
189,CVE-2019-0604,primary_impact,T1562
190,CVE-2021-39144,primary_impact,T1499
190,CVE-2021-39144,primary_impact,T1632
190,CVE-2021-39144,primary_impact,T1005
190,CVE-2021-39144,primary_impact,T1059
190,CVE-2021-39144,primary_impact,T1552
190,CVE-2021-39144,primary_impact,T1529
190,CVE-2021-39144,primary_impact,T1562
191,CVE-2023-21608,primary_impact,T1574
191,CVE-2023-21608,primary_impact,T1499
191,CVE-2023-21608,primary_impact,T1005
192,CVE-2023-3519,primary_impact,T1499
192,CVE-2023-3519,primary_impact,T1632
192,CVE-2023-3519,primary_impact,T1005
192,CVE-2023-3519,primary_impact,T1505
192,CVE-2023-3519,primary_impact,T1059
192,CVE-2023-3519,primary_impact,T1574
192,CVE-2023-3519,primary_impact,T1552
192,CVE-2023-3519,primary_impact,T1529
192,CVE-2023-3519,primary_impact,T1136
192,CVE-2023-3519,primary_impact,T1485
192,CVE-2023-3519,primary_impact,T1565
192,CVE-2023-3519,primary_impact,T1098
192,CVE-2023-3519,primary_impact,T1222
192,CVE-2023-3519,primary_impact,T1562
193,CVE-2021-22900,primary_impact,T1499
193,CVE-2021-22900,primary_impact,T1632
193,CVE-2021-22900,primary_impact,T1005
193,CVE-2021-22900,primary_impact,T1505
193,CVE-2021-22900,primary_impact,T1574
193,CVE-2021-22900,primary_impact,T1552
193,CVE-2021-22900,primary_impact,T1565
193,CVE-2021-22900,primary_impact,T1562
194,CVE-2022-26500,primary_impact,T1499
194,CVE-2022-26500,primary_impact,T1632
194,CVE-2022-26500,primary_impact,T1005
194,CVE-2022-26500,primary_impact,T1505
194,CVE-2022-26500,primary_impact,T1574
194,CVE-2022-26500,primary_impact,T1552
194,CVE-2022-26500,primary_impact,T1529
194,CVE-2022-26500,primary_impact,T1136
194,CVE-2022-26500,primary_impact,T1485
194,CVE-2022-26500,primary_impact,T1565
194,CVE-2022-26500,primary_impact,T1098
194,CVE-2022-26500,primary_impact,T1222
194,CVE-2022-26500,primary_impact,T1562
195,CVE-2013-0640,primary_impact,T1499
195,CVE-2013-0640,primary_impact,T1632
195,CVE-2013-0640,primary_impact,T1005
195,CVE-2013-0640,primary_impact,T1059
195,CVE-2013-0640,primary_impact,T1574
195,CVE-2013-0640,primary_impact,T1552
195,CVE-2013-0640,primary_impact,T1562
196,CVE-2020-3580,primary_impact,T1552
196,CVE-2020-3580,primary_impact,T1005
196,CVE-2020-3580,primary_impact,T1059
197,CVE-2021-42013,primary_impact,T1499
197,CVE-2021-42013,primary_impact,T1632
197,CVE-2021-42013,primary_impact,T1005
197,CVE-2021-42013,primary_impact,T1505
197,CVE-2021-42013,primary_impact,T1552
197,CVE-2021-42013,primary_impact,T1485
197,CVE-2021-42013,primary_impact,T1565
197,CVE-2021-42013,primary_impact,T1098
197,CVE-2021-42013,primary_impact,T1222
197,CVE-2021-42013,primary_impact,T1562
198,CVE-2023-28229,primary_impact,T1632
198,CVE-2023-28229,primary_impact,T1222
198,CVE-2023-28229,primary_impact,T1562
199,CVE-2021-21206,primary_impact,T1574
199,CVE-2021-21206,primary_impact,T1499
199,CVE-2021-21206,primary_impact,T1005
200,CVE-2013-0631,primary_impact,T1552
200,CVE-2013-0631,primary_impact,T1499
200,CVE-2013-0631,primary_impact,T1005
201,CVE-2022-42475,primary_impact,T1499
201,CVE-2022-42475,primary_impact,T1632
201,CVE-2022-42475,primary_impact,T1005
201,CVE-2022-42475,primary_impact,T1505
201,CVE-2022-42475,primary_impact,T1574
201,CVE-2022-42475,primary_impact,T1552
201,CVE-2022-42475,primary_impact,T1529
201,CVE-2022-42475,primary_impact,T1136
201,CVE-2022-42475,primary_impact,T1485
201,CVE-2022-42475,primary_impact,T1565
201,CVE-2022-42475,primary_impact,T1098
201,CVE-2022-42475,primary_impact,T1222
201,CVE-2022-42475,primary_impact,T1562
202,CVE-2021-31166,primary_impact,T1499
202,CVE-2021-31166,primary_impact,T1632
202,CVE-2021-31166,primary_impact,T1005
202,CVE-2021-31166,primary_impact,T1505
202,CVE-2021-31166,primary_impact,T1574
202,CVE-2021-31166,primary_impact,T1552
202,CVE-2021-31166,primary_impact,T1529
202,CVE-2021-31166,primary_impact,T1098
202,CVE-2021-31166,primary_impact,T1222
202,CVE-2021-31166,primary_impact,T1562
203,CVE-2020-8515,primary_impact,T1499
203,CVE-2020-8515,primary_impact,T1632
203,CVE-2020-8515,primary_impact,T1005
203,CVE-2020-8515,primary_impact,T1505
203,CVE-2020-8515,primary_impact,T1059
203,CVE-2020-8515,primary_impact,T1574
203,CVE-2020-8515,primary_impact,T1552
203,CVE-2020-8515,primary_impact,T1529
203,CVE-2020-8515,primary_impact,T1136
203,CVE-2020-8515,primary_impact,T1485
203,CVE-2020-8515,primary_impact,T1565
203,CVE-2020-8515,primary_impact,T1098
203,CVE-2020-8515,primary_impact,T1222
203,CVE-2020-8515,primary_impact,T1562
204,CVE-2023-38035,primary_impact,T1632
204,CVE-2023-38035,primary_impact,T1005
204,CVE-2023-38035,primary_impact,T1505
204,CVE-2023-38035,primary_impact,T1552
204,CVE-2023-38035,primary_impact,T1136
204,CVE-2023-38035,primary_impact,T1098
204,CVE-2023-38035,primary_impact,T1190
204,CVE-2023-38035,primary_impact,T1562
205,CVE-2022-21919,primary_impact,T1632
205,CVE-2022-21919,primary_impact,T1098
205,CVE-2022-21919,primary_impact,T1222
205,CVE-2022-21919,primary_impact,T1562
206,CVE-2020-0069,primary_impact,T1499
206,CVE-2020-0069,primary_impact,T1632
206,CVE-2020-0069,primary_impact,T1005
206,CVE-2020-0069,primary_impact,T1574
206,CVE-2020-0069,primary_impact,T1552
206,CVE-2020-0069,primary_impact,T1529
206,CVE-2020-0069,primary_impact,T1485
206,CVE-2020-0069,primary_impact,T1565
206,CVE-2020-0069,primary_impact,T1098
206,CVE-2020-0069,primary_impact,T1222
206,CVE-2020-0069,primary_impact,T1562
207,CVE-2023-26360,primary_impact,T1499
207,CVE-2023-26360,primary_impact,T1632
207,CVE-2023-26360,primary_impact,T1005
207,CVE-2023-26360,primary_impact,T1505
207,CVE-2023-26360,primary_impact,T1574
207,CVE-2023-26360,primary_impact,T1552
207,CVE-2023-26360,primary_impact,T1136
207,CVE-2023-26360,primary_impact,T1485
207,CVE-2023-26360,primary_impact,T1565
207,CVE-2023-26360,primary_impact,T1098
207,CVE-2023-26360,primary_impact,T1222
207,CVE-2023-26360,primary_impact,T1562
208,CVE-2017-6742,primary_impact,T1499
208,CVE-2017-6742,primary_impact,T1632
208,CVE-2017-6742,primary_impact,T1005
208,CVE-2017-6742,primary_impact,T1574
208,CVE-2017-6742,primary_impact,T1552
208,CVE-2017-6742,primary_impact,T1529
208,CVE-2017-6742,primary_impact,T1562
209,CVE-2022-20708,primary_impact,T1499
209,CVE-2022-20708,primary_impact,T1632
209,CVE-2022-20708,primary_impact,T1005
209,CVE-2022-20708,primary_impact,T1574
209,CVE-2022-20708,primary_impact,T1552
209,CVE-2022-20708,primary_impact,T1529
209,CVE-2022-20708,primary_impact,T1136
209,CVE-2022-20708,primary_impact,T1565
209,CVE-2022-20708,primary_impact,T1098
209,CVE-2022-20708,primary_impact,T1222
209,CVE-2022-20708,primary_impact,T1562
210,CVE-2023-2136,primary_impact,T1574
210,CVE-2023-2136,primary_impact,T1499
210,CVE-2023-2136,primary_impact,T1005
210,CVE-2023-2136,primary_impact,T1552
211,CVE-2022-20700,primary_impact,T1499
211,CVE-2022-20700,primary_impact,T1632
211,CVE-2022-20700,primary_impact,T1005
211,CVE-2022-20700,primary_impact,T1505
211,CVE-2022-20700,primary_impact,T1574
211,CVE-2022-20700,primary_impact,T1552
211,CVE-2022-20700,primary_impact,T1529
211,CVE-2022-20700,primary_impact,T1136
211,CVE-2022-20700,primary_impact,T1565
211,CVE-2022-20700,primary_impact,T1098
211,CVE-2022-20700,primary_impact,T1222
211,CVE-2022-20700,primary_impact,T1562
212,CVE-2023-27997,primary_impact,T1499
212,CVE-2023-27997,primary_impact,T1632
212,CVE-2023-27997,primary_impact,T1005
212,CVE-2023-27997,primary_impact,T1505
212,CVE-2023-27997,primary_impact,T1574
212,CVE-2023-27997,primary_impact,T1552
212,CVE-2023-27997,primary_impact,T1529
212,CVE-2023-27997,primary_impact,T1136
212,CVE-2023-27997,primary_impact,T1485
212,CVE-2023-27997,primary_impact,T1565
212,CVE-2023-27997,primary_impact,T1098
212,CVE-2023-27997,primary_impact,T1222
212,CVE-2023-27997,primary_impact,T1562
213,CVE-2009-3960,primary_impact,T1552
213,CVE-2009-3960,primary_impact,T1499
213,CVE-2009-3960,primary_impact,T1005
213,CVE-2009-3960,primary_impact,T1059
214,CVE-2012-0767,primary_impact,T1552
214,CVE-2012-0767,primary_impact,T1005
214,CVE-2012-0767,primary_impact,T1059
215,CVE-2023-33246,primary_impact,T1499
215,CVE-2023-33246,primary_impact,T1632
215,CVE-2023-33246,primary_impact,T1005
215,CVE-2023-33246,primary_impact,T1505
215,CVE-2023-33246,primary_impact,T1552
215,CVE-2023-33246,primary_impact,T1529
215,CVE-2023-33246,primary_impact,T1136
215,CVE-2023-33246,primary_impact,T1485
215,CVE-2023-33246,primary_impact,T1565
215,CVE-2023-33246,primary_impact,T1098
215,CVE-2023-33246,primary_impact,T1222
215,CVE-2023-33246,primary_impact,T1562
216,CVE-2021-36934,primary_impact,T1499
216,CVE-2021-36934,primary_impact,T1632
216,CVE-2021-36934,primary_impact,T1005
216,CVE-2021-36934,primary_impact,T1505
216,CVE-2021-36934,primary_impact,T1574
216,CVE-2021-36934,primary_impact,T1552
216,CVE-2021-36934,primary_impact,T1529
216,CVE-2021-36934,primary_impact,T1136
216,CVE-2021-36934,primary_impact,T1485
216,CVE-2021-36934,primary_impact,T1565
216,CVE-2021-36934,primary_impact,T1098
216,CVE-2021-36934,primary_impact,T1222
216,CVE-2021-36934,primary_impact,T1562
217,CVE-2024-5274,primary_impact,T1499
217,CVE-2024-5274,primary_impact,T1005
217,CVE-2024-5274,primary_impact,T1059
217,CVE-2024-5274,primary_impact,T1574
217,CVE-2024-5274,primary_impact,T1552
217,CVE-2024-5274,primary_impact,T1562
218,CVE-2022-35405,primary_impact,T1499
218,CVE-2022-35405,primary_impact,T1632
218,CVE-2022-35405,primary_impact,T1005
218,CVE-2022-35405,primary_impact,T1505
218,CVE-2022-35405,primary_impact,T1059
218,CVE-2022-35405,primary_impact,T1574
218,CVE-2022-35405,primary_impact,T1552
218,CVE-2022-35405,primary_impact,T1529
218,CVE-2022-35405,primary_impact,T1136
218,CVE-2022-35405,primary_impact,T1485
218,CVE-2022-35405,primary_impact,T1565
218,CVE-2022-35405,primary_impact,T1098
218,CVE-2022-35405,primary_impact,T1222
218,CVE-2022-35405,primary_impact,T1562
219,CVE-2023-36884,primary_impact,T1632
219,CVE-2023-36884,primary_impact,T1059
220,CVE-2021-22017,primary_impact,T1632
220,CVE-2021-22017,primary_impact,T1005
220,CVE-2021-22017,primary_impact,T1552
221,CVE-2022-1040,primary_impact,T1499
221,CVE-2022-1040,primary_impact,T1632
221,CVE-2022-1040,primary_impact,T1005
221,CVE-2022-1040,primary_impact,T1505
221,CVE-2022-1040,primary_impact,T1574
221,CVE-2022-1040,primary_impact,T1552
221,CVE-2022-1040,primary_impact,T1529
221,CVE-2022-1040,primary_impact,T1136
221,CVE-2022-1040,primary_impact,T1098
221,CVE-2022-1040,primary_impact,T1190
221,CVE-2022-1040,primary_impact,T1222
221,CVE-2022-1040,primary_impact,T1562
222,CVE-2022-26138,primary_impact,T1632
222,CVE-2022-26138,primary_impact,T1005
222,CVE-2022-26138,primary_impact,T1078
222,CVE-2022-26138,primary_impact,T1552
222,CVE-2022-26138,primary_impact,T1136
222,CVE-2022-26138,primary_impact,T1098
223,CVE-2021-22986,primary_impact,T1499
223,CVE-2021-22986,primary_impact,T1632
223,CVE-2021-22986,primary_impact,T1005
223,CVE-2021-22986,primary_impact,T1505
223,CVE-2021-22986,primary_impact,T1059
223,CVE-2021-22986,primary_impact,T1574
223,CVE-2021-22986,primary_impact,T1552
223,CVE-2021-22986,primary_impact,T1529
223,CVE-2021-22986,primary_impact,T1136
223,CVE-2021-22986,primary_impact,T1485
223,CVE-2021-22986,primary_impact,T1565
223,CVE-2021-22986,primary_impact,T1098
223,CVE-2021-22986,primary_impact,T1222
223,CVE-2021-22986,primary_impact,T1562
224,CVE-2023-22518,primary_impact,T1499
224,CVE-2023-22518,primary_impact,T1632
224,CVE-2023-22518,primary_impact,T1005
224,CVE-2023-22518,primary_impact,T1505
224,CVE-2023-22518,primary_impact,T1552
224,CVE-2023-22518,primary_impact,T1529
224,CVE-2023-22518,primary_impact,T1136
224,CVE-2023-22518,primary_impact,T1485
224,CVE-2023-22518,primary_impact,T1565
224,CVE-2023-22518,primary_impact,T1098
224,CVE-2023-22518,primary_impact,T1222
224,CVE-2023-22518,primary_impact,T1562
225,CVE-2023-38203,primary_impact,T1499
225,CVE-2023-38203,primary_impact,T1632
225,CVE-2023-38203,primary_impact,T1005
225,CVE-2023-38203,primary_impact,T1505
225,CVE-2023-38203,primary_impact,T1059
225,CVE-2023-38203,primary_impact,T1574
225,CVE-2023-38203,primary_impact,T1552
225,CVE-2023-38203,primary_impact,T1136
225,CVE-2023-38203,primary_impact,T1565
225,CVE-2023-38203,primary_impact,T1098
225,CVE-2023-38203,primary_impact,T1222
225,CVE-2023-38203,primary_impact,T1562
226,CVE-2024-34102,primary_impact,T1499
226,CVE-2024-34102,primary_impact,T1632
226,CVE-2024-34102,primary_impact,T1005
226,CVE-2024-34102,primary_impact,T1505
226,CVE-2024-34102,primary_impact,T1059
226,CVE-2024-34102,primary_impact,T1574
226,CVE-2024-34102,primary_impact,T1552
226,CVE-2024-34102,primary_impact,T1222
226,CVE-2024-34102,primary_impact,T1562
227,CVE-2023-49103,primary_impact,T1552
227,CVE-2023-49103,primary_impact,T1005
227,CVE-2023-49103,primary_impact,T1098
227,CVE-2023-49103,primary_impact,T1632
228,CVE-2015-0310,primary_impact,T1574
228,CVE-2015-0310,primary_impact,T1499
228,CVE-2015-0310,primary_impact,T1005
228,CVE-2015-0310,primary_impact,T1552
229,CVE-2012-0754,primary_impact,T1499
229,CVE-2012-0754,primary_impact,T1632
229,CVE-2012-0754,primary_impact,T1005
229,CVE-2012-0754,primary_impact,T1574
229,CVE-2012-0754,primary_impact,T1552
229,CVE-2012-0754,primary_impact,T1529
229,CVE-2012-0754,primary_impact,T1562
230,CVE-2021-29256,primary_impact,T1499
230,CVE-2021-29256,primary_impact,T1005
230,CVE-2021-29256,primary_impact,T1574
230,CVE-2021-29256,primary_impact,T1552
230,CVE-2021-29256,primary_impact,T1222
230,CVE-2021-29256,primary_impact,T1562
231,CVE-2022-20701,primary_impact,T1499
231,CVE-2022-20701,primary_impact,T1632
231,CVE-2022-20701,primary_impact,T1005
231,CVE-2022-20701,primary_impact,T1505
231,CVE-2022-20701,primary_impact,T1574
231,CVE-2022-20701,primary_impact,T1552
231,CVE-2022-20701,primary_impact,T1529
231,CVE-2022-20701,primary_impact,T1136
231,CVE-2022-20701,primary_impact,T1565
231,CVE-2022-20701,primary_impact,T1098
231,CVE-2022-20701,primary_impact,T1222
231,CVE-2022-20701,primary_impact,T1562
232,CVE-2007-5659,primary_impact,T1574
232,CVE-2007-5659,primary_impact,T1499
232,CVE-2007-5659,primary_impact,T1005
232,CVE-2007-5659,primary_impact,T1632
233,CVE-2022-26134,primary_impact,T1499
233,CVE-2022-26134,primary_impact,T1632
233,CVE-2022-26134,primary_impact,T1005
233,CVE-2022-26134,primary_impact,T1505
233,CVE-2022-26134,primary_impact,T1059
233,CVE-2022-26134,primary_impact,T1574
233,CVE-2022-26134,primary_impact,T1552
233,CVE-2022-26134,primary_impact,T1529
233,CVE-2022-26134,primary_impact,T1136
233,CVE-2022-26134,primary_impact,T1485
233,CVE-2022-26134,primary_impact,T1565
233,CVE-2022-26134,primary_impact,T1098
233,CVE-2022-26134,primary_impact,T1222
233,CVE-2022-26134,primary_impact,T1562
234,CVE-2021-22204,primary_impact,T1499
234,CVE-2021-22204,primary_impact,T1632
234,CVE-2021-22204,primary_impact,T1005
234,CVE-2021-22204,primary_impact,T1505
234,CVE-2021-22204,primary_impact,T1059
234,CVE-2021-22204,primary_impact,T1574
234,CVE-2021-22204,primary_impact,T1222
234,CVE-2021-22204,primary_impact,T1562
235,CVE-2009-4324,primary_impact,T1499
235,CVE-2009-4324,primary_impact,T1632
235,CVE-2009-4324,primary_impact,T1005
235,CVE-2009-4324,primary_impact,T1574
235,CVE-2009-4324,primary_impact,T1552
235,CVE-2009-4324,primary_impact,T1562
