CVE ID,Mal. file?,File come from?,Mal. link?,Link come from?,Mal. website?,Remote sys. app.?,Ex. service?,valid/default creds.?,hardcoded creds.?,'sniff' unencrypted net. traffic?,attack_id
CVE-2024-30051,NO,,NO,,NO,NO,NO,NO,NO,NO,
CVE-2021-39144,NO,,NO,,NO,YES,NO,NO,NO,NO,T1190
CVE-2018-7600,NO,,NO,,NO,YES,NO,NO,NO,NO,T1190
CVE-2021-45046,NO,,NO,,NO,YES,YES,NO,NO,NO,T1190
CVE-2021-45046,NO,,NO,,NO,YES,YES,NO,NO,NO,T1133
CVE-2021-45046,NO,,NO,,NO,YES,YES,NO,NO,NO,T1210
CVE-2023-7101,YES,Other,NO,,NO,YES,NO,NO,NO,NO,T1204.002
CVE-2023-7101,YES,Other,NO,,NO,YES,NO,NO,NO,NO,T1190
CVE-2021-39226,NO,,NO,,NO,NO,NO,NO,NO,NO,
CVE-2012-0754,NO,,YES,An email,YES,YES,NO,NO,NO,NO,T1566.002
CVE-2012-0754,NO,,YES,An email,YES,YES,NO,NO,NO,NO,T1189
CVE-2012-0754,NO,,YES,An email,YES,YES,NO,NO,NO,NO,T1190
CVE-2014-6271,NO,,NO,,NO,YES,YES,NO,NO,NO,T1190
CVE-2014-6271,NO,,NO,,NO,YES,YES,NO,NO,NO,T1133
CVE-2014-6271,NO,,NO,,NO,YES,YES,NO,NO,NO,T1210
CVE-2012-2034,NO,,NO,,YES,YES,NO,NO,NO,NO,T1189
CVE-2012-2034,NO,,NO,,YES,YES,NO,NO,NO,NO,T1190
CVE-2012-5054,NO,,YES,An email,YES,YES,NO,NO,NO,NO,T1566.002
CVE-2012-5054,NO,,YES,An email,YES,YES,NO,NO,NO,NO,T1189
CVE-2012-5054,NO,,YES,An email,YES,YES,NO,NO,NO,NO,T1190
