CVE ID,pred
CVE-2022-26258,Internet-facing Host/System
CVE-2023-27350,Network-based Application
CVE-2016-4117,Client Application
CVE-2021-1498,Internet-facing Host/System
CVE-2022-39197,Network-based Application
CVE-2013-0629,Internet-facing Host/System
CVE-2022-1388,Network-based Application
CVE-2022-41128,Client Application
CVE-2023-20887,Network-based Application
CVE-2020-3452,Network-based Application
CVE-2023-29492,Internet-facing Host/System
CVE-2023-0669,Network-based Application
CVE-2018-11776,Internet-facing Host/System
CVE-2023-42793,Network-based Application
CVE-2023-41179,Endpoint Security Solution
CVE-2022-22954,External Remote Service
CVE-2015-5119,Client Application
CVE-2023-46604,Client Application
CVE-2023-27532,External Remote Service
CVE-2018-6789,Network-based Application
CVE-2021-3129,Internet-facing Host/System
CVE-2023-48788,Endpoint Security Solution
CVE-2021-27059,Client Application
CVE-2021-42258,Internet-facing Host/System
CVE-2014-0496,Client Application
CVE-2014-0546,Client Application
CVE-2022-0028,Internet-facing Host/System
CVE-2022-24521,Operating System
CVE-2023-6548,Network-based Application
CVE-2022-20699,Internet-facing Host/System
CVE-2022-20703,Internet-facing Host/System
CVE-2020-0787,Operating System
CVE-2024-4879,External Remote Service
CVE-2023-22515,Internet-facing Host/System
CVE-2024-37085,Operating System
CVE-2018-15961,Internet-facing Host/System
CVE-2023-20109,External Remote Service
CVE-2014-8439,Client Application
CVE-2023-5217,Client Application
CVE-2023-46805,Internet-facing Host/System
CVE-2023-36851,Operating System
CVE-2019-0708,External Remote Service
CVE-2023-2868,Internet-facing Host/System
CVE-2013-0641,Client Application
CVE-2016-1019,Client Application
CVE-2022-29303,Internet-facing Host/System
CVE-2021-27065,Internet-facing Host/System
CVE-2021-33739,Operating System
CVE-2010-2883,Client Application
CVE-2021-4034,Operating System
CVE-2022-40684,External Remote Service
CVE-2020-8196,Internet-facing Host/System
CVE-2021-34523,Network-based Application
CVE-2020-0688,Network-based Application
CVE-2022-22718,Internal Remote Service
CVE-2021-21972,Operating System
CVE-2013-0625,Internet-facing Host/System
CVE-2021-44529,Internet-facing Host/System
CVE-2011-0611,Client Application
CVE-2019-3398,Network-based Application
