attack-id,attack-name,recall-at-ten-train,n-true-train,recall-at-ten-test,n-true-test
N/A,N/A,1.00,10,1.00,2
T1059,Command and Scripting Interpreter,0.86,14,0.50,2
T1068,Exploitation for Privilege Escalation,1.00,2,1.00,2
T1078,Valid Accounts,0.96,24,1.00,5
T1133,External Remote Services,0.57,14,1.00,4
T1189,Drive-by Compromise,1.00,15,1.00,2
T1190,Exploit Public-Facing Application,0.99,99,1.00,25
T1202,Indirect Command Execution,0.67,3,0.00,2
T1203,Exploitation for Client Execution,0.78,9,1.00,3
T1204,User Execution,0.94,35,1.00,7
T1210,Exploitation of Remote Services,0.50,2,0.00,0
T1221,Template Injection,0.00,2,1.00,1
T1556,Modify Authentication Process,0.50,2,0.00,0
T1566,Phishing,0.14,7,0.00,3
T1574,Hijack Execution Flow,0.50,8,0.00,0
