,attack-id,attack-name,recall-at-ten-train,n-true-train,recall-at-ten-test,n-true-test
0,N/A,N/A,1.00,47,1.00,10
1,T1005,Data from Local System,0.29,7,1.00,1
9,T1059,Command and Scripting Interpreter,0.97,80,1.00,24
10,T1068,Exploitation for Privilege Escalation,0.91,22,1.00,5
12,T1078,Valid Accounts,0.67,3,1.00,1
13,T1082,System Information Discovery,0.00,3,1.00,1
17,T1105,Ingress Tool Transfer,0.00,15,0.60,5
21,T1136,Create Account,0.25,4,0.00,1
26,T1203,Exploitation for Client Execution,0.44,9,0.00,1
32,T1485,Data Destruction,1.00,1,0.00,0
33,T1486,Data Encrypted for Impact,1.00,1,0.00,0
35,T1496,Resource Hijacking,0.80,5,0.00,0
37,T1498,Network Denial of Service,0.00,1,1.00,1
38,T1499,Endpoint Denial of Service,0.67,3,1.00,1
39,T1505,Server Software Component,0.88,8,1.00,2
40,T1548,Abuse Elevation Control Mechanism,1.00,1,0.00,0
44,T1557,Adversary-in-the-Middle,1.00,1,0.00,0
