mapping-type,features,num-demonstrations,MAP,Recall-at-ten,Recall-at-five
exploitation-technique,ACVSSCWE,235,0.55,0.76,0.71
exploitation-technique,ACVSS,235,0.57,0.76,0.71
exploitation-technique,A,235,0.58,0.76,0.74
exploitation-technique,,235,0.59,0.75,0.67
exploitation-technique,,30,0.52,0.65,0.58
exploitation-technique,,0,0.27,0.42,0.34
primary-impact,ACVSSCWE,235,0.42,0.64,0.46
primary-impact,ACVSS,235,0.42,0.63,0.49
primary-impact,A,235,0.42,0.69,0.50
primary-impact,,235,0.42,0.64,0.46
primary-impact,,30,0.43,0.63,0.48
primary-impact,,0,0.19,0.42,0.22
secondary-impact,ACVSSCWE,235,0.13,0.61,0.14
secondary-impact,ACVSS,235,0.11,0.61,0.13
secondary-impact,A,235,0.12,0.59,0.15
secondary-impact,,235,0.11,0.55,0.12
secondary-impact,,30,0.11,0.56,0.09
secondary-impact,,0,0.07,0.48,0.01
