attack_id,count
T1059,133
T1190,127
T1204,44
T1078,40
T1105,32
T1068,32
T1005,29
T1203,22
T1133,21
T1505,21
T1496,18
T1189,17
T1486,15
T1574,15
T1003,14
T1136,11
T1071,11
T1566,10
T1087,10
T1202,9
T1499,8
T1070,8
T1498,7
T1082,7
T1041,7
T1046,5
T1048,5
T1027,5
T1608,5
T1090,4
T1552,4
T1053,3
T1036,3
T1210,3
T1021,3
T1221,3
T1485,3
T1556,3
T1548,3
T1573,3
T1557,3
T1083,3
T1555,3
T1560,2
T1562,2
T1482,2
T1218,2
T1565,2
T1497,2
T1622,2
T1584,2
T1195,2
T1112,2
T1055,2
T1056,2
T1185,2
T1140,2
T1047,2
T1098,2
T1114,2
T1213,2
T1110,2
T1106,2
T1588,1
T1553,1
T1567,1
T1571,1
T1601,1
T1592,1
T1598,1
T1569,1
T1550,1
T1211,1
T1547,1
T1543,1
T1007,1
T1016,1
T1018,1
T1033,1
T1037,1
T1040,1
T1049,1
T1069,1
T1119,1
T1134,1
T1212,1
T1217,1
T1219,1
T1222,1
T1484,1
T1489,1
T1490,1
T1491,1
T1530,1
T1531,1
T1542,1
T1653,1
