mapping-type,mapping-method,train F1 score,train precision,train recall,test F1 score,test precision,test recall
exploitation-technique,vulnerability-type,0.07,0.16,0.04,0.07,0.16,0.05
exploitation-technique,exploitation-technique,0.36,0.38,0.34,0.40,0.43,0.38
exploitation-technique,affected-object,0.28,0.20,0.45,0.24,0.17,0.43
exploitation-technique,tactic-technique,0.14,0.14,0.14,0.20,0.20,0.20
exploitation-technique,in-context-learner,0.47,0.40,0.58,0.44,0.35,0.57
exploitation-technique,methodology-combine,0.30,0.19,0.68,0.31,0.20,0.72
primary-impact,vulnerability-type,0.27,0.35,0.22,0.24,0.28,0.20
primary-impact,in-context-learner,0.44,0.39,0.50,0.40,0.33,0.52
primary-impact,functionality,0.02,0.01,0.10,0.01,0.01,0.06
primary-impact,methodology-combine,0.07,0.04,0.37,0.07,0.04,0.35
secondary-impact,vulnerability-type,0.06,0.19,0.04,0.00,0.00,0.00
secondary-impact,in-context-learner,0.08,0.06,0.16,0.08,0.05,0.28
secondary-impact,functionality,0.01,0.01,0.04,0.01,0.00,0.03
secondary-impact,methodology-combine,0.04,0.02,0.12,0.01,0.01,0.07
