CVE ID,attack_id
CVE-2018-15444,T1204.002
CVE-2018-15444,T1190
CVE-2018-15444,T1078
CVE-2020-15183,T1204.001
CVE-2020-15183,T1189
CVE-2019-1831,T1190
CVE-2018-11088,T1068
CVE-2020-1569,T1566.002
CVE-2020-1569,T1204.002
CVE-2020-1569,T1204.001
CVE-2020-1569,T1203
CVE-2020-1569,T1040
CVE-2020-1190,T1068
CVE-2019-0911,T1566.002
CVE-2019-0911,T1189
CVE-2019-0911,T1190
CVE-2019-1812,T1078
CVE-2020-5373,T1190
CVE-2019-3707,T1190
CVE-2018-19007,T1190
CVE-2018-19007,T1133
CVE-2020-3121,T1204.001
CVE-2020-3121,T1059.007
CVE-2020-3121,T1566.002
CVE-2020-3121,T1190
CVE-2019-1031,T1204.001
CVE-2019-1031,T1566.002
CVE-2019-1031,T1059.007
CVE-2019-1031,T1189
CVE-2019-16782,T1563
CVE-2019-16782,T1212
CVE-2018-15761,T1190
CVE-2018-15761,T1078
CVE-2020-11050,T1190
CVE-2020-11050,T1133
CVE-2020-11050,T1210
CVE-2019-3784,T1190
CVE-2019-3784,T1078
CVE-2020-3253,T1078
CVE-2019-1781,T1078
CVE-2019-1781,T1133
CVE-2020-5253,T1565.001
CVE-2020-5253,T1203
CVE-2020-5253,T1059
CVE-2020-5253,T1574
CVE-2020-5253,T1554
