CVE ID,Mal. file?,Mal. link?,Mal. website?,Remote sys. app.?,Ex. service?,valid/default creds.?,hardcoded creds.?,'sniff' unencrypted net. traffic?,File come from?,Link come from?
CVE-2019-17558,YES,NO,NO,YES,NO,NO,NO,NO,Other,
CVE-2021-21166,NO,YES,YES,NO,NO,NO,NO,NO,,Other
CVE-2023-20198,NO,NO,NO,YES,NO,NO,NO,NO,,
CVE-2024-4577,NO,NO,NO,YES,NO,NO,NO,NO,,
CVE-2023-20269,NO,NO,NO,YES,NO,NO,NO,NO,,
CVE-2016-7855,NO,NO,YES,YES,NO,NO,NO,NO,,
CVE-2021-21017,YES,NO,NO,NO,NO,NO,NO,NO,Other,
CVE-2022-22947,NO,NO,NO,YES,NO,NO,NO,NO,,
CVE-2021-27104,NO,NO,NO,YES,NO,NO,NO,NO,,
CVE-2021-45046,NO,NO,NO,YES,YES,NO,NO,NO,,
CVE-2023-23397,NO,NO,NO,NO,NO,NO,NO,NO,,
CVE-2021-28550,YES,YES,NO,NO,NO,NO,NO,NO,Other,Other
CVE-2022-47966,NO,NO,NO,YES,NO,NO,NO,NO,,
CVE-2008-2992,YES,YES,YES,YES,NO,NO,NO,NO,Other,An email
CVE-2019-11634,NO,NO,NO,YES,NO,NO,NO,NO,,
CVE-2012-5054,NO,NO,YES,YES,NO,NO,NO,NO,,
CVE-2018-4878,NO,NO,YES,YES,NO,NO,NO,NO,,
CVE-2021-37975,NO,YES,YES,NO,NO,NO,NO,NO,,Other
CVE-2022-24086,NO,NO,NO,YES,NO,NO,NO,NO,,
CVE-2009-1862,YES,YES,NO,YES,YES,NO,NO,NO,A malicious link,An email
CVE-2021-27103,NO,NO,NO,YES,YES,NO,NO,NO,,
CVE-2012-1535,YES,NO,NO,YES,NO,NO,NO,NO,An email,
CVE-2020-15505,NO,NO,NO,YES,YES,NO,NO,NO,,
CVE-2021-21148,NO,YES,YES,YES,NO,NO,NO,NO,,Other
CVE-2022-3075,NO,YES,YES,NO,NO,NO,NO,NO,,Other
CVE-2020-8195,NO,NO,NO,NO,NO,NO,NO,NO,,
CVE-2022-22965,NO,NO,NO,YES,NO,NO,NO,NO,,
CVE-2021-27101,NO,NO,NO,YES,NO,NO,NO,NO,,
CVE-2023-29298,NO,NO,NO,YES,NO,NO,NO,NO,,
CVE-2021-27102,NO,NO,NO,NO,NO,NO,NO,NO,,
CVE-2022-29464,NO,NO,NO,YES,NO,NO,NO,NO,,
CVE-2022-41328,NO,NO,NO,YES,NO,YES,NO,NO,,
CVE-2015-7645,NO,YES,YES,YES,NO,NO,NO,NO,,An email
CVE-2024-4761,NO,YES,YES,YES,NO,NO,NO,NO,,Other
CVE-2023-4966,NO,NO,NO,NO,NO,NO,NO,NO,,
CVE-2024-38080,NO,NO,NO,NO,NO,NO,NO,NO,,
CVE-2023-6549,NO,NO,NO,YES,NO,NO,NO,NO,,
CVE-2021-26084,NO,NO,NO,YES,NO,NO,NO,NO,,
CVE-2021-36380,NO,NO,NO,YES,NO,NO,NO,NO,,
CVE-2016-1010,NO,NO,YES,NO,NO,NO,NO,NO,,
CVE-2023-27524,NO,NO,NO,YES,NO,NO,NO,NO,,
CVE-2020-29557,NO,NO,NO,YES,NO,NO,NO,NO,,
CVE-2021-27860,NO,NO,NO,YES,NO,NO,NO,NO,,
CVE-2010-0188,NO,NO,NO,NO,NO,NO,NO,NO,,
CVE-2022-41073,NO,NO,NO,NO,NO,NO,NO,NO,,
CVE-2022-22948,NO,NO,NO,NO,NO,NO,NO,NO,,
CVE-2020-5735,NO,NO,NO,YES,YES,YES,NO,NO,,
CVE-2022-22047,NO,NO,NO,NO,NO,NO,NO,NO,,
CVE-2021-44515,NO,NO,NO,YES,NO,NO,NO,NO,,
CVE-2022-26904,NO,NO,NO,NO,NO,NO,NO,NO,,
CVE-2020-5902,NO,NO,NO,YES,NO,NO,NO,NO,,
CVE-2024-20353,NO,NO,NO,YES,YES,NO,NO,NO,,
CVE-2023-20867,NO,NO,NO,NO,NO,NO,NO,NO,,
CVE-2013-0632,NO,NO,NO,YES,NO,YES,NO,NO,,
CVE-2018-15982,NO,NO,YES,YES,NO,NO,NO,NO,,
CVE-2021-35464,NO,NO,NO,YES,NO,NO,NO,NO,,
CVE-2013-3346,YES,NO,NO,YES,NO,NO,NO,NO,An email,
CVE-2021-42321,NO,NO,NO,YES,YES,NO,NO,NO,,
CVE-2009-3953,YES,YES,NO,YES,NO,NO,NO,NO,Other,An email
CVE-2023-38831,YES,NO,NO,NO,NO,NO,NO,NO,Other,
CVE-2022-28810,NO,NO,NO,YES,NO,YES,YES,NO,,
CVE-2021-40539,NO,NO,NO,YES,NO,NO,NO,NO,,
CVE-2010-1297,YES,YES,YES,YES,NO,NO,NO,NO,Other,An email
CVE-2021-45382,NO,NO,NO,YES,YES,NO,NO,NO,,
CVE-2021-22205,NO,NO,NO,YES,NO,NO,NO,NO,,
CVE-2023-36844,NO,NO,NO,YES,NO,NO,NO,NO,,
CVE-2024-21893,NO,NO,NO,YES,YES,NO,NO,NO,,
CVE-2023-28252,NO,NO,NO,NO,NO,NO,NO,NO,,
CVE-2022-42948,NO,NO,NO,YES,NO,NO,NO,NO,,
CVE-2024-30051,NO,NO,NO,NO,NO,NO,NO,NO,,
CVE-2022-26501,NO,NO,NO,NO,NO,NO,NO,NO,,
CVE-2021-26085,NO,NO,NO,YES,NO,NO,NO,NO,,
CVE-2017-11292,NO,NO,YES,YES,NO,NO,NO,NO,,
CVE-2023-34048,NO,NO,NO,YES,NO,NO,NO,NO,,
CVE-2024-21762,NO,NO,NO,YES,NO,NO,NO,NO,,
CVE-2015-8651,NO,NO,YES,NO,NO,NO,NO,NO,,
CVE-2021-22894,NO,NO,NO,YES,NO,YES,NO,NO,,
CVE-2022-23131,NO,NO,NO,YES,NO,NO,NO,NO,,
CVE-2020-12812,NO,NO,NO,YES,NO,NO,NO,NO,,
CVE-2018-4939,NO,NO,NO,YES,NO,NO,NO,NO,,
CVE-2021-34473,NO,NO,NO,YES,YES,NO,NO,NO,,
CVE-2021-1497,NO,NO,NO,YES,NO,NO,NO,NO,,
CVE-2023-49897,NO,NO,NO,NO,NO,YES,NO,NO,,
CVE-2022-30190,NO,YES,NO,YES,NO,NO,NO,NO,,An email
CVE-2024-24919,NO,NO,NO,YES,NO,NO,NO,YES,,
CVE-2021-44077,NO,NO,NO,YES,NO,NO,NO,NO,,
CVE-2023-5631,NO,NO,NO,NO,NO,NO,NO,NO,,
CVE-2021-42237,NO,NO,NO,YES,NO,NO,NO,NO,,
CVE-2023-36846,NO,NO,NO,YES,YES,NO,NO,NO,,
CVE-2017-9805,NO,YES,NO,YES,NO,NO,NO,NO,,Other
CVE-2022-21971,NO,YES,YES,YES,NO,NO,NO,NO,,Other
CVE-2016-0984,NO,NO,YES,YES,NO,NO,NO,NO,,
CVE-2024-21887,NO,NO,NO,NO,NO,YES,NO,NO,,
CVE-2014-6271,NO,NO,NO,YES,YES,NO,NO,NO,,
CVE-2019-18935,NO,NO,NO,YES,NO,NO,NO,YES,,
CVE-2021-26855,NO,NO,NO,YES,YES,NO,NO,NO,,
CVE-2024-38112,NO,YES,YES,NO,NO,NO,NO,NO,,Other
CVE-2024-20399,NO,NO,NO,NO,NO,YES,NO,NO,,
CVE-2022-35914,NO,YES,NO,YES,NO,NO,NO,NO,,Other
CVE-2024-20359,NO,NO,NO,NO,NO,YES,NO,NO,,
CVE-2016-4437,NO,NO,NO,YES,NO,NO,NO,NO,,
CVE-2019-11580,NO,NO,NO,YES,NO,NO,NO,NO,,
CVE-2021-40449,NO,NO,NO,NO,NO,NO,NO,NO,,
CVE-2023-35081,NO,NO,NO,NO,NO,YES,NO,NO,,
CVE-2018-13379,NO,NO,NO,YES,NO,NO,NO,NO,,
CVE-2023-38205,NO,NO,NO,YES,NO,NO,NO,NO,,
CVE-2023-47565,NO,NO,NO,YES,NO,YES,NO,NO,,
CVE-2020-25506,NO,NO,NO,YES,NO,NO,NO,NO,,
CVE-2021-26858,NO,NO,NO,YES,YES,NO,NO,NO,,
CVE-2021-39226,NO,NO,NO,NO,NO,NO,NO,NO,,
CVE-2024-26169,NO,NO,NO,NO,NO,NO,NO,NO,,
CVE-2022-34713,NO,YES,NO,YES,NO,NO,NO,NO,,An email
CVE-2023-40044,NO,NO,NO,YES,NO,NO,NO,NO,,
CVE-2023-22952,NO,NO,NO,YES,NO,NO,NO,NO,,
CVE-2023-29300,NO,NO,NO,YES,NO,NO,NO,NO,,
CVE-2022-41125,NO,NO,NO,NO,NO,NO,NO,NO,,
CVE-2022-21999,NO,NO,NO,NO,NO,NO,NO,NO,,
CVE-2022-41082,NO,NO,NO,YES,YES,NO,NO,NO,,
CVE-2010-2861,NO,NO,NO,NO,NO,NO,NO,NO,,
CVE-2017-11882,YES,YES,NO,NO,NO,NO,NO,NO,An email,An email
CVE-2017-5638,NO,NO,NO,YES,NO,NO,NO,NO,,
CVE-2023-22527,YES,NO,NO,YES,NO,NO,NO,NO,Other,
CVE-2024-5217,YES,NO,NO,YES,NO,NO,NO,NO,Other,
CVE-2022-20821,NO,NO,NO,NO,NO,NO,NO,NO,,
CVE-2024-23692,NO,NO,NO,YES,NO,NO,NO,NO,,
CVE-2014-7169,NO,NO,NO,YES,YES,NO,NO,NO,,
CVE-2021-21975,NO,NO,NO,YES,YES,NO,NO,NO,,
CVE-2023-7101,YES,NO,NO,YES,NO,NO,NO,NO,An email,
CVE-2021-26857,NO,NO,NO,YES,YES,NO,NO,NO,,
CVE-2023-35078,NO,NO,NO,NO,NO,NO,NO,NO,,
CVE-2023-26369,YES,NO,NO,NO,NO,NO,NO,NO,Other,
CVE-2015-3113,NO,YES,YES,YES,NO,NO,NO,NO,,Other
CVE-2021-44228,YES,NO,NO,YES,YES,NO,NO,NO,A malicious link,
CVE-2021-21973,NO,NO,NO,NO,NO,NO,NO,NO,,
CVE-2023-34362,NO,NO,NO,YES,NO,NO,NO,NO,,
CVE-2024-4947,NO,YES,YES,NO,NO,NO,NO,NO,,Other
CVE-2022-37969,NO,NO,NO,NO,NO,NO,NO,NO,,
CVE-2020-8193,NO,NO,NO,YES,NO,NO,NO,NO,,
CVE-2020-17530,NO,YES,NO,YES,NO,NO,NO,NO,,Other
CVE-2017-9822,NO,YES,YES,YES,NO,NO,NO,YES,,Other
CVE-2019-5591,NO,NO,NO,NO,NO,NO,NO,YES,,
CVE-2022-3038,NO,YES,YES,YES,NO,NO,NO,NO,,Other
CVE-2023-26359,NO,NO,NO,YES,NO,NO,NO,NO,,
CVE-2018-4990,YES,YES,NO,NO,NO,NO,NO,NO,A malicious link,Other
CVE-2022-24682,NO,YES,NO,NO,NO,NO,NO,NO,,An email
CVE-2019-0211,NO,NO,NO,YES,NO,NO,NO,NO,,
CVE-2021-31207,NO,NO,NO,YES,NO,NO,NO,NO,,
CVE-2024-4978,YES,NO,NO,YES,NO,NO,NO,NO,A third-party service,
CVE-2021-37415,NO,NO,NO,YES,NO,NO,NO,NO,,
CVE-2019-19781,NO,YES,NO,YES,NO,NO,NO,NO,,An email
CVE-2012-2034,NO,NO,YES,YES,NO,NO,NO,NO,,
CVE-2021-41379,YES,NO,NO,NO,NO,NO,NO,NO,Other,
CVE-2023-21715,NO,YES,NO,NO,NO,NO,NO,NO,,An email
CVE-2020-1472,NO,NO,NO,NO,NO,NO,NO,NO,,
CVE-2022-22963,NO,NO,NO,YES,NO,NO,NO,NO,,
CVE-2024-27198,NO,NO,NO,YES,NO,NO,NO,NO,,
CVE-2018-0296,NO,NO,NO,YES,NO,NO,NO,NO,,
CVE-2023-36845,YES,NO,NO,YES,NO,NO,NO,NO,Other,
CVE-2023-44487,NO,NO,NO,NO,NO,NO,NO,NO,,
CVE-2019-11510,NO,NO,NO,YES,NO,NO,NO,NO,,
CVE-2023-32315,NO,NO,NO,NO,NO,NO,NO,NO,,
CVE-2023-7024,NO,YES,YES,YES,NO,NO,NO,NO,,An email
CVE-2022-41033,NO,NO,NO,NO,NO,NO,NO,NO,,
CVE-2021-22899,NO,NO,NO,YES,NO,YES,NO,NO,,
CVE-2021-30554,NO,YES,YES,NO,NO,NO,NO,NO,,Other
CVE-2022-22960,NO,NO,NO,NO,NO,NO,NO,NO,,
CVE-2019-3396,NO,NO,NO,YES,NO,NO,NO,NO,,
CVE-2023-43770,NO,YES,YES,NO,NO,NO,NO,NO,,An email
CVE-2023-1389,NO,NO,NO,YES,NO,NO,NO,NO,,
CVE-2021-35394,NO,NO,NO,YES,YES,NO,NO,YES,,
CVE-2021-22893,NO,NO,NO,YES,YES,NO,NO,NO,,
CVE-2024-4358,NO,NO,NO,YES,NO,NO,NO,NO,,
CVE-2015-0313,NO,YES,YES,YES,NO,NO,NO,NO,,An email
CVE-2023-20273,NO,NO,NO,YES,NO,YES,NO,NO,,
CVE-2021-40655,NO,NO,NO,YES,NO,NO,NO,NO,,
CVE-2021-22005,NO,NO,NO,YES,NO,NO,NO,NO,,
CVE-2024-4671,NO,YES,YES,NO,NO,NO,NO,NO,,Other
CVE-2023-21674,NO,NO,NO,NO,NO,NO,NO,NO,,
CVE-2015-3043,NO,NO,YES,YES,NO,NO,NO,NO,,
CVE-2011-2462,NO,NO,YES,YES,NO,NO,NO,NO,,
CVE-2021-41773,NO,NO,NO,YES,NO,NO,NO,NO,,
CVE-2018-7600,NO,NO,NO,YES,NO,NO,NO,NO,,
CVE-2022-36804,NO,NO,NO,YES,NO,NO,NO,NO,,
CVE-2020-8657,NO,NO,NO,YES,NO,NO,YES,NO,,
CVE-2008-0655,NO,NO,NO,NO,NO,NO,NO,NO,,
CVE-2019-1653,NO,NO,NO,YES,NO,NO,NO,NO,,
CVE-2021-44168,NO,NO,NO,NO,NO,YES,NO,NO,,
CVE-2019-13608,NO,NO,NO,YES,YES,NO,NO,NO,,
CVE-2023-36847,NO,NO,NO,YES,NO,NO,NO,NO,,
CVE-2019-0604,NO,NO,NO,YES,NO,NO,NO,NO,,
CVE-2021-39144,NO,NO,NO,YES,NO,NO,NO,NO,,
CVE-2023-21608,YES,NO,NO,NO,NO,NO,NO,NO,Other,
CVE-2023-3519,NO,YES,NO,YES,NO,NO,NO,NO,,An email
CVE-2021-22900,NO,NO,NO,NO,NO,YES,NO,NO,,
CVE-2022-26500,YES,NO,NO,YES,NO,YES,NO,NO,Other,
CVE-2013-0640,NO,YES,NO,YES,NO,NO,NO,NO,,An email
CVE-2020-3580,NO,YES,YES,NO,NO,NO,NO,NO,,An email
CVE-2021-42013,NO,NO,NO,YES,NO,NO,NO,NO,,
CVE-2023-28229,NO,NO,NO,NO,NO,NO,NO,NO,,
CVE-2021-21206,NO,YES,YES,YES,NO,NO,NO,NO,,Other
CVE-2013-0631,NO,NO,NO,YES,NO,NO,NO,NO,,
CVE-2022-42475,NO,NO,NO,YES,YES,NO,NO,NO,,
CVE-2021-31166,NO,NO,YES,YES,NO,NO,NO,NO,,
CVE-2020-8515,NO,NO,NO,YES,NO,NO,NO,NO,,
CVE-2023-38035,NO,NO,NO,NO,NO,NO,NO,NO,,
CVE-2022-21919,NO,NO,NO,NO,NO,NO,NO,NO,,
CVE-2020-0069,NO,NO,NO,NO,NO,NO,NO,NO,,
CVE-2023-26360,NO,NO,NO,YES,NO,NO,NO,NO,,
CVE-2017-6742,NO,NO,NO,YES,NO,YES,NO,NO,,
CVE-2022-20708,NO,NO,NO,YES,NO,NO,NO,NO,,
CVE-2023-2136,NO,YES,YES,NO,NO,NO,NO,NO,,Other
CVE-2022-20700,NO,NO,NO,YES,NO,NO,NO,NO,,
CVE-2023-27997,NO,NO,NO,YES,YES,NO,NO,NO,,
CVE-2009-3960,NO,NO,NO,YES,NO,NO,NO,NO,,
CVE-2012-0767,NO,YES,YES,NO,NO,NO,NO,NO,,An email
CVE-2023-33246,NO,NO,NO,YES,YES,NO,NO,NO,,
CVE-2021-36934,YES,NO,NO,NO,NO,NO,NO,NO,Other,
CVE-2024-5274,NO,YES,YES,NO,NO,NO,NO,NO,,Other
CVE-2022-35405,NO,NO,NO,YES,NO,NO,NO,NO,,
CVE-2023-36884,NO,NO,NO,YES,NO,NO,NO,NO,,
CVE-2021-22017,NO,NO,NO,NO,NO,NO,NO,NO,,
CVE-2022-1040,NO,NO,NO,YES,NO,NO,NO,NO,,
CVE-2022-26138,NO,NO,NO,YES,NO,YES,YES,NO,,
CVE-2021-22986,NO,NO,NO,YES,NO,NO,NO,NO,,
CVE-2023-22518,NO,NO,NO,YES,NO,NO,NO,NO,,
CVE-2023-38203,NO,NO,NO,YES,NO,NO,NO,NO,,
CVE-2024-34102,NO,NO,NO,YES,NO,NO,NO,NO,,
CVE-2023-49103,NO,NO,NO,YES,NO,NO,NO,NO,,
CVE-2015-0310,NO,NO,YES,NO,NO,NO,NO,NO,,
CVE-2012-0754,NO,NO,YES,YES,NO,NO,NO,NO,,
CVE-2021-29256,NO,NO,NO,NO,NO,NO,NO,NO,,
CVE-2022-20701,NO,NO,NO,YES,NO,NO,NO,NO,,
CVE-2007-5659,YES,YES,NO,YES,NO,NO,NO,NO,A malicious link,An email
CVE-2022-26134,YES,NO,NO,YES,NO,NO,NO,NO,Other,
CVE-2021-22204,YES,NO,NO,YES,NO,NO,NO,NO,Other,
CVE-2009-4324,YES,YES,NO,YES,NO,NO,NO,NO,A malicious link,An email
