attack_id,count,attack_name
T1059,133,Command and Scripting Interpreter
T1190,127,Exploit Public-Facing Application
T1204,44,User Execution
T1078,40,Valid Accounts
T1105,32,Ingress Tool Transfer
T1068,32,Exploitation for Privilege Escalation
T1005,29,Data from Local System
T1203,22,Exploitation for Client Execution
T1133,21,External Remote Services
T1505,21,Server Software Component
T1496,18,Resource Hijacking
T1189,17,Drive-by Compromise
T1486,15,Data Encrypted for Impact
T1574,15,Hijack Execution Flow
T1003,14,OS Credential Dumping
T1136,11,Create Account
T1071,11,Application Layer Protocol
T1566,10,Phishing
T1087,10,Account Discovery
T1202,9,Indirect Command Execution
T1499,8,Endpoint Denial of Service
T1070,8,Indicator Removal
T1498,7,Network Denial of Service
T1082,7,System Information Discovery
T1041,7,Exfiltration Over C2 Channel
T1046,5,Network Service Discovery
T1048,5,Exfiltration Over Alternative Protocol
T1027,5,Obfuscated Files or Information
T1608,5,Stage Capabilities
T1090,4,Proxy
T1552,4,Unsecured Credentials
T1053,3,Scheduled Task/Job
T1036,3,Masquerading
T1210,3,Exploitation of Remote Services
T1021,3,Remote Services
T1221,3,Template Injection
T1485,3,Data Destruction
T1556,3,Modify Authentication Process
T1548,3,Abuse Elevation Control Mechanism
T1573,3,Encrypted Channel
T1557,3,Adversary-in-the-Middle
T1083,3,File and Directory Discovery
T1555,3,Credentials from Password Stores
T1560,2,Archive Collected Data
T1562,2,Impair Defenses
T1482,2,Domain Trust Discovery
T1218,2,System Binary Proxy Execution
T1565,2,Data Manipulation
T1497,2,Virtualization/Sandbox Evasion
T1622,2,Debugger Evasion
T1584,2,Compromise Infrastructure
T1195,2,Supply Chain Compromise
T1112,2,Modify Registry
T1055,2,Process Injection
T1056,2,Input Capture
T1185,2,Browser Session Hijacking
T1140,2,Deobfuscate/Decode Files or Information
T1047,2,Windows Management Instrumentation
T1098,2,Account Manipulation
T1114,2,Email Collection
T1213,2,Data from Information Repositories
T1110,2,Brute Force
T1106,2,Native API
T1588,1,Obtain Capabilities
T1553,1,Subvert Trust Controls
T1567,1,Exfiltration Over Web Service
T1571,1,Non-Standard Port
T1601,1,Modify System Image
T1592,1,Gather Victim Host Information
T1598,1,Phishing for Information
T1569,1,System Services
T1550,1,Use Alternate Authentication Material
T1211,1,Exploitation for Defense Evasion
T1547,1,Boot or Logon Autostart Execution
T1543,1,Create or Modify System Process
T1007,1,System Service Discovery
T1016,1,System Network Configuration Discovery
T1018,1,Remote System Discovery
T1033,1,System Owner/User Discovery
T1037,1,Boot or Logon Initialization Scripts
T1040,1,Network Sniffing
T1049,1,System Network Connections Discovery
T1069,1,Permission Groups Discovery
T1119,1,Automated Collection
T1134,1,Access Token Manipulation
T1212,1,Exploitation for Credential Access
T1217,1,Browser Information Discovery
T1219,1,Remote Access Software
T1222,1,File and Directory Permissions Modification
T1484,1,Domain Policy Modification
T1489,1,Service Stop
T1490,1,Inhibit System Recovery
T1491,1,Defacement
T1530,1,Data from Cloud Storage
T1531,1,Account Access Removal
T1542,1,Pre-OS Boot
T1653,1,Power Settings
