CWE ID,Description
CWE-284,The product does not restrict or incorrectly restricts access to a resource from an unauthorized actor.
CWE-294,A capture-replay flaw exists when the design of the product makes it possible for a malicious user to sniff network traffic and bypass authentication by replaying it to the server in question to the same effect as the original message (or with minor changes).
CWE-307,The product does not implement sufficient measures to prevent multiple failed authentication attempts within a short time frame.
CWE-645,"The product contains an account lockout protection mechanism, but the mechanism is too restrictive and can be triggered too easily, which allows attackers to deny service to legitimate users by causing their accounts to be locked out."
CWE-836,"The product records password hashes in a data store, receives a hash of a password from a client, and compares the supplied hash to the hash obtained from the data store."
CWE-255,Weaknesses in this category are related to the management of credentials.
CWE-319,The product transmits sensitive or security-critical data in cleartext in a communication channel that can be sniffed by unauthorized actors.
CWE-798,"The product contains hard-coded credentials, such as a password or cryptographic key."
CWE-328,"The product uses an algorithm that produces a digest (output value) that does not meet security expectations for a hash function that allows an adversary to reasonably determine the original input (preimage attack), find another input that can produce the same hash (2nd preimage attack), or find multiple inputs that evaluate to the same hash (birthday attack)."
CWE-521,"The product does not require that users should have strong passwords, which makes it easier for attackers to compromise user accounts."
CWE-310,"Weaknesses in this category are related to the design and implementation of data confidentiality and integrity. Frequently these deal with the use of encoding techniques, encryption libraries, and hashing algorithms. The weaknesses in this category could lead to a degradation of the quality data if they are not addressed."
CWE-611,"The product processes an XML document that can contain XML entities with URIs that resolve to documents outside of the intended sphere of control, causing the product to embed incorrect documents into its output."
CWE-776,"The product uses XML documents and allows their structure to be defined with a Document Type Definition (DTD), but it does not properly control the number of recursive definitions of entities."
CWE-601,"The web application accepts a user-controlled input that specifies a link to an external site, and uses that link in a redirect."
CWE-79,The product does not neutralize or incorrectly neutralizes user-controllable input before it is placed in output that is used as a web page that is served to other users.
CWE-78,"The product constructs all or part of an OS command using externally-influenced input from an upstream component, but it does not neutralize or incorrectly neutralizes special elements that could modify the intended OS command when it is sent to a downstream component."
CWE-89,"The product constructs all or part of an SQL command using externally-influenced input from an upstream component, but it does not neutralize or incorrectly neutralizes special elements that could modify the intended SQL command when it is sent to a downstream component. Without sufficient removal or quoting of SQL syntax in user-controllable inputs, the generated SQL query can cause those inputs to be interpreted as SQL instead of ordinary user data."
CWE-94,"The product constructs all or part of a code segment using externally-influenced input from an upstream component, but it does not neutralize or incorrectly neutralizes special elements that could modify the syntax or behavior of the intended code segment."
CWE-22,"The product uses external input to construct a pathname that is intended to identify a file or directory that is located underneath a restricted parent directory, but the product does not properly neutralize special elements within the pathname that can cause the pathname to resolve to a location that is outside of the restricted directory."
CWE-59,"The product attempts to access a file based on the filename, but it does not properly prevent that filename from identifying a link or shortcut that resolves to an unintended resource."
CWE-426,"The product searches for critical resources using an externally-supplied search path that can point to resources that are not under the product's direct control."
CWE-427,"The product uses a fixed or controlled search path to find resources, but one or more locations in that path can be under the control of unintended actors."
CWE-428,"The product uses a search path that contains an unquoted element, in which the element contains whitespace or other separators. This can cause the product to access resources in a parent path."
CWE-434,The product allows the upload or transfer of dangerous file types that are automatically processed within its environment.
CWE-502,The product deserializes untrusted data without sufficiently ensuring that the resulting data will be valid.
CWE-835,"The product contains an iteration or loop with an exit condition that cannot be reached, i.e., an infinite loop."
CWE-352,"The web application does not, or can not, sufficiently verify whether a well-formed, valid, consistent request was intentionally provided by the user who submitted the request."
CWE-384,"Authenticating a user, or otherwise establishing a new user session, without invalidating any existing session identifier gives an attacker the opportunity to steal authenticated sessions."
CWE-400,"The product does not properly control the allocation and maintenance of a limited resource, thereby enabling an actor to influence the amount of resources consumed, eventually leading to the exhaustion of available resources."
CWE-918,"The web server receives a URL or similar request from an upstream component and retrieves the contents of this URL, but it does not sufficiently ensure that the request is being sent to the expected destination."
