Functionality,Description,mapping_type,attack_id
Create Account,the act of unauthorized creation of new accounts or adding new users to the victim system done by the attacker.,primary_impact,T1136
Create Or Upload File,the act of unauthorized creation or uploading any file to any system for any purpose done by the attacker.,primary_impact,T1505.003
Delete Files,"the act of unauthorized deletion or destruction of any information including but not limited to files, contents, data, etc., done by the attacker. It is different from data manipulation.",primary_impact,T1485
Disable Protections,"the act of causing any malfunction, interruption, or abnormality in any security/defensive process or system such as anti-viruses, anti-malware, authentication procedures, firewall, security checks, etc., done by the attacker.",primary_impact,T1562
Memory Modification (Memory Errors),"the act of any invalid modification, manipulation, and/or write to the memory (e.g., buffer, kernel, memory locations, pointers, etc.) leading to memory issues such as buffer-over read, memory crash, buffer overflow, etc., done by the attacker.",primary_impact,T1574
Memory Modification (Memory Errors),"the act of any invalid modification, manipulation, and/or write to the memory (e.g., buffer, kernel, memory locations, pointers, etc.) leading to memory issues such as buffer-over read, memory crash, buffer overflow, etc., done by the attacker.",primary_impact,T1499.004
Password Reset,"the act of manipulating an account such as modifying credentials (e.g., ID, username, password, email account name, etc.) for any purpose, done by the attacker.",primary_impact,T1098
Change Ownership or Permissions,"the act of changing file ownership, and/or modifying access permission (access controls) for any purpose, done by the attacker.",primary_impact,T1222
Modify Configuration,"the act of modifying, editing, and manipulating any systems configuration and/or settings causing further threats, done by the attacker.",primary_impact,T1632
Obtain Sensitive Information - Other Data,"the act of obtaining any non-credential sensitive information without authorization via any method (unauthorized access to files, databases, memory, etc.) for any purpose, done by the attacker.",primary_impact,T1005
Obtain Sensitive Information - Credentials,"the act of obtaining any user/system credentials without authorization via any method (unauthorized access to files, databases, memory, etc.) for any purpose, done by the attacker.",primary_impact,T1552
Read From Memory,"the act of unauthorized reading any information or data from memory for any purpose, done by the attacker.",primary_impact,T1005
Read Files,"the act of unauthorized reading any information including from files, done by the attacker.",primary_impact,T1005
Memory Read (Memory Errors),"the act of any invalid reading from the memory (e.g., buffer, kernel, memory locations, pointers, etc.) leading to memory issues such as buffer-over read, memory crash, buffer overflow, etc., done by the attacker.",primary_impact,T1005
Memory Read (Memory Errors),"the act of any invalid reading from the memory (e.g., buffer, kernel, memory locations, pointers, etc.) leading to memory issues such as buffer-over read, memory crash, buffer overflow, etc., done by the attacker.",primary_impact,T1499.004
Restart Or Reboot,"the act of crashing, shutting down, or rebooting any system often leading to a denial of services, done by the attacker.",primary_impact,T1529
Write To Existing File,"the act of modifying the content of the existing file for any purpose, done by the attacker.",primary_impact,T1565.001
Create Account,the act of unauthorized creation of new accounts or adding new users to the victim system done by the attacker.,secondary_impact,T1078
Create Or Upload File,the act of unauthorized creation or uploading any file to any system for any purpose done by the attacker.,secondary_impact,T1059
Delete Files,"the act of unauthorized deletion or destruction of any information including but not limited to files, contents, data, etc., done by the attacker. It is different from data manipulation.",secondary_impact,T1499.004
Read Files,"the act of unauthorized reading any information including from files, done by the attacker.",secondary_impact,T1003.008
Read Files,"the act of unauthorized reading any information including from files, done by the attacker.",secondary_impact,T1552.001
Memory Read (Memory Errors),"the act of any invalid reading from the memory (e.g., buffer, kernel, memory locations, pointers, etc.) leading to memory issues such as buffer-over read, memory crash, buffer overflow, etc., done by the attacker.",secondary_impact,T1211
Memory Read (Memory Errors),"the act of any invalid reading from the memory (e.g., buffer, kernel, memory locations, pointers, etc.) leading to memory issues such as buffer-over read, memory crash, buffer overflow, etc., done by the attacker.",secondary_impact,T1212
Write To Existing File,"the act of modifying the content of the existing file for any purpose, done by the attacker.",secondary_impact,T1059
Write To Existing File,"the act of modifying the content of the existing file for any purpose, done by the attacker.",secondary_impact,T1574
Write To Existing File,"the act of modifying the content of the existing file for any purpose, done by the attacker.",secondary_impact,T1554
