CVE ID,Functionality
CVE-2020-5250,Password Reset
CVE-2020-5250,Modify Configuration
CVE-2020-15170,Modify Configuration
CVE-2020-5253,Modify Configuration
CVE-2020-5231,Create Account
CVE-2013-6129,Create Account
CVE-2015-4051,Restart Or Reboot
CVE-2015-4051,Create Account
CVE-2019-3758,Create Account
CVE-2019-3798,Create Account
CVE-2019-18581,Disable Protections
CVE-2018-17908,Disable Protections
CVE-2018-17892,Disable Protections
CVE-2018-15397,Restart Or Reboot
CVE-2018-15397,Restart Or Reboot
CVE-2019-1817,Restart Or Reboot
CVE-2020-3312,Obtain Sensitive Information - Other Data
CVE-2020-3477,Read Files
CVE-2020-3477,Obtain Sensitive Information - Other Data
CVE-2019-15963,Obtain Sensitive Information - Other Data
CVE-2020-11045,Read From Memory
CVE-2018-7526,Obtain Sensitive Information - Other Data
CVE-2018-5445,Read Files
CVE-2018-18990,Obtain Sensitive Information - Other Data
CVE-2020-16211,Read Files
CVE-2020-16211,Read From Memory
CVE-2020-11652,Obtain Sensitive Information - Other Data
CVE-2017-16651,Read Files
CVE-2019-5910,Read Files
CVE-2019-3787,Obtain Sensitive Information - Other Data
CVE-2019-3763,Obtain Sensitive Information - Credentials
CVE-2018-17900,Obtain Sensitive Information - Credentials
CVE-2019-6549,Obtain Sensitive Information - Credentials
CVE-2020-4408,Obtain Sensitive Information - Credentials
CVE-2019-13922,Obtain Sensitive Information - Credentials
CVE-2018-7259,Obtain Sensitive Information - Credentials
CVE-2019-15956,Restart Or Reboot
CVE-2019-15956,Password Reset
CVE-2019-1915,Password Reset
CVE-2019-3775,Password Reset
CVE-2019-3782,Password Reset
CVE-2019-3723,Create Or Upload File
CVE-2019-3723,Write To Existing File
CVE-2019-3723,Delete Files
CVE-2019-3750,Delete Files
CVE-2020-1163,Delete Files
CVE-2020-15189,Create Or Upload File
CVE-2020-5297,Create Or Upload File
CVE-2012-6081,Create Or Upload File
CVE-2011-4106,Create Or Upload File
CVE-2016-3088,Create Or Upload File
CVE-2020-3476,Write To Existing File
CVE-2020-3440,Write To Existing File
CVE-2019-1836,Write To Existing File
CVE-2020-3237,Write To Existing File
CVE-2008-4996,Write To Existing File
CVE-2018-15392,Restart Or Reboot
CVE-2020-5210,Memory Read (Memory Errors)
CVE-2020-11019,Memory Read (Memory Errors)
CVE-2020-15137,Memory Read (Memory Errors)
CVE-2020-4068,Memory Read (Memory Errors)
CVE-2020-15199,Memory Read (Memory Errors)
CVE-2020-11068,Memory Read (Memory Errors)
CVE-2020-8649,Memory Read (Memory Errors)
CVE-2020-12652,Memory Read (Memory Errors)
CVE-2019-12660,Memory Modification (Memory Errors)
CVE-2019-13522,Memory Modification (Memory Errors)
CVE-2018-10620,Memory Read (Memory Errors)
CVE-2018-10620,Memory Modification (Memory Errors)
CVE-2019-12660,Memory Modification (Memory Errors)
CVE-2019-12660,Disable Protections
CVE-2018-15376,Memory Modification (Memory Errors)
CVE-2019-1052,Memory Modification (Memory Errors)
CVE-2020-3309,Write To Existing File
