attack_id,mapping_type
T1203,exploitation_technique
T1068,exploitation_technique
T1133,exploitation_technique
T1040,exploitation_technique
T1189,exploitation_technique
T1091,exploitation_technique
T1566.002,exploitation_technique
T1566.003,exploitation_technique
T1211,exploitation_technique
T1190,exploitation_technique
T1204.001,exploitation_technique
T1110.001,exploitation_technique
T1210,exploitation_technique
T1204.002,exploitation_technique
T1110,exploitation_technique
T1566.001,exploitation_technique
T1212,exploitation_technique
T1202,exploitation_technique
T1078,exploitation_technique
T1485,primary_impact
T1632,primary_impact
T1557,primary_impact
T1068,primary_impact
T1098,primary_impact
T1059.007,primary_impact
T1040,primary_impact
T1550.002,primary_impact
T1222,primary_impact
T1059,primary_impact
T1190,primary_impact
T1499.004,primary_impact
T1078.001,primary_impact
T1563,primary_impact
T1531,primary_impact
T1136,primary_impact
T1574,primary_impact
T1552,primary_impact
T1562,primary_impact
T1565.001,primary_impact
T1505.003,primary_impact
T1005,primary_impact
T1529,primary_impact
T1446,primary_impact
T1499,primary_impact
T1078,primary_impact
T1090,primary_impact
T1552.001,secondary_impact
T1003.008,secondary_impact
T1211,secondary_impact
T1059,secondary_impact
T1190,secondary_impact
T1499.004,secondary_impact
T1185,secondary_impact
T1036,secondary_impact
T1046,secondary_impact
T1136,secondary_impact
T1574,secondary_impact
T1135,secondary_impact
T1554,secondary_impact
T1565.001,secondary_impact
T1212,secondary_impact
T1005,secondary_impact
T1505.003,secondary_impact
T1078,secondary_impact
