Vulnerability Type,CWE ID
General Improper Access Control,CWE-284
Authentication Bypass by Capture-replay,CWE-294
Improper Restriction of Excessive Authentication Attempts,CWE-307
Overly Restrictive Account Lockout Mechanism,CWE-645
Use of Password Hash Instead of Password for Authentication,CWE-836
General Credential Management Errors,CWE-255
Cleartext Transmission of Sensitive Information,CWE-319
Hard-coded Credentials,CWE-798
Weak Password/Hashing,CWE-328
Weak Password/Hashing,CWE-521
General Cryptographic Issues,CWE-310
XML External Entity (XXE),CWE-611
XML Entity Expansion (XEE),CWE-776
URL Redirection to Untrusted Site ('Open Redirect'),CWE-601
Cross-site Scripting (XSS),CWE-79
OS Command Injection,CWE-78
SQL Injection,CWE-89
Code Injection,CWE-94
Directory Traversal (Relative and Absolute),CWE-22
Symlink Attacks,CWE-59
Untrusted/Uncontrolled/Unquoted Search Path,CWE-426
Untrusted/Uncontrolled/Unquoted Search Path,CWE-427
Untrusted/Uncontrolled/Unquoted Search Path,CWE-428
Unrestricted File Upload,CWE-434
Deserialization of Untrusted Data,CWE-502
Infinite Loop,CWE-835
Cross-site Request Forgery (CSRF),CWE-352
Session Fixation,CWE-384
Uncontrolled Resource Consumption,CWE-400
Server-Side Request Forgery (SSRF),CWE-918
